LGA,LGA name,ABSTUDY (Living allowance),ABSTUDY (Non-living allowance),Age Pension,Austudy,Carer Allowance,Carer Allowance (Child Health Care Card only),Carer Payment,Commonwealth Seniors Health Card,Disability Support Pension,Family Tax Benefit A,Family Tax Benefit B,Health Care Card,Low Income Card,Newstart Allowance,Parenting Payment Partnered,Parenting Payment Single,Partner Allowance,Pensioner Concession Card,Sickness Allowance,Special Benefit,Widow Allowance,Widow B Pension,Wife Pension (Partner on Age Pension),Wife Pension (Partner on Disability Support Pension),Youth Allowance (other),Youth Allowance (student and apprentice)
10050,Albury (C),18,64,"6,574",76,"1,532",41,610,668,"2,224","3,812","3,014","3,641",894,"2,170",178,825,6,"11,329",16,<5,32,0,6,13,425,459
10110,Armidale Dumaresq (A),62,100,"2,510",65,545,17,259,440,"1,019","1,647","1,287","2,135",838,958,117,347,<5,"4,539",<5,<5,8,0,<5,<5,202,813
10150,Ashfield (A),9,6,"4,154",75,769,11,268,581,904,"1,553","1,210","1,458",439,822,79,149,7,"5,954",8,31,30,0,11,<5,42,291
10200,Auburn (C),6,<5,"5,714",194,"2,438",55,"1,584",440,"2,119","6,689","5,266","6,285","1,504","2,622",972,628,14,"11,491",17,130,101,0,53,16,230,974
10250,Ballina (A),18,63,"7,025",100,"1,249",36,545,822,"1,841","3,104","2,293","2,576",444,"1,572",186,480,8,"10,790",19,0,34,0,9,15,200,162
10300,Balranald (A),<5,<5,262,<5,57,<5,26,15,93,157,118,92,20,55,<5,22,0,440,0,0,<5,0,0,<5,<5,5
10350,Bankstown (C),24,29,"20,994",304,"8,799",323,"5,559","1,486","6,922","17,518","13,829","14,718","3,293","6,539","2,235","2,191",47,"39,917",39,144,257,0,131,60,523,"2,320"
10470,Bathurst Regional (A),40,84,"4,669",81,"1,067",44,464,507,"1,691","2,879","2,277","2,554",754,"1,218",173,698,<5,"8,128",14,<5,18,0,<5,<5,258,592
10550,Bega Valley (A),18,59,"6,162",39,969,16,432,649,"1,908","2,416","1,808","1,922",347,"1,260",166,401,11,"9,655",9,<5,33,0,8,12,156,121
10600,Bellingen (A),5,11,"2,139",32,375,<5,178,235,658,"1,139",889,989,167,658,81,195,<5,"3,580",5,0,9,0,7,5,73,55
10650,Berrigan (A),0,6,"1,721",7,275,<5,113,201,325,577,421,459,106,268,23,105,<5,"2,418",<5,<5,9,0,<5,<5,28,24
10750,Blacktown (C),88,352,"26,380",402,"10,382",558,"5,342","1,375","10,190","28,050","21,953","20,623","3,953","10,419","1,806","4,811",41,"52,892",90,222,330,0,100,69,"1,405","2,322"
10800,Bland (A),0,6,801,<5,153,0,71,146,234,386,288,264,31,141,20,72,<5,"1,244",<5,0,6,0,0,<5,21,9
10850,Blayney (A),<5,<5,908,5,192,7,77,124,255,482,356,376,64,220,19,99,0,"1,453",<5,0,<5,0,<5,<5,36,16
10900,Blue Mountains (C),19,24,"10,261",137,"1,830",82,619,"1,215","2,503","4,302","3,294","3,592",896,"1,802",178,652,7,"15,033",24,<5,51,0,7,16,180,349
10950,Bogan (A),6,19,361,<5,46,<5,16,52,85,193,153,170,22,99,9,55,0,554,<5,0,<5,0,<5,<5,15,<5
11000,Bombala (A),<5,0,359,<5,60,<5,30,44,122,162,109,132,28,70,11,22,<5,577,<5,0,<5,0,<5,<5,14,<5
11050,Boorowa (A),0,0,372,<5,82,<5,32,54,126,180,137,150,33,78,9,31,<5,611,<5,0,<5,0,5,<5,7,12
11100,Botany Bay (C),15,16,"4,716",38,"1,135",32,477,367,"1,253","2,379","1,819","1,842",401,990,116,267,5,"7,267",10,9,39,0,12,<5,84,256
11150,Bourke (A),12,46,249,<5,72,<5,48,12,128,289,247,283,18,187,11,118,0,596,0,0,<5,0,<5,0,40,<5
11200,Brewarrina (A),10,30,117,0,60,0,47,13,145,176,156,182,9,157,<5,83,0,442,<5,0,0,0,0,0,17,<5
11250,Broken Hill (C),24,65,"3,014",21,744,18,355,104,"1,321","1,404","1,212","1,303",138,"1,059",81,424,6,"5,679",5,0,15,0,19,18,190,30
11300,Burwood (A),<5,8,"3,420",54,660,8,245,525,692,"1,533","1,100","1,363",441,662,104,121,6,"4,913",<5,39,26,0,8,<5,43,284
11350,Byron (A),11,12,"3,240",170,609,10,291,468,"1,769","2,842","2,209","2,737",507,"2,059",215,438,6,"6,806",21,<5,44,0,6,12,138,128
11400,Cabonne (A),<5,12,"1,684",12,312,8,127,230,398,838,586,553,103,295,42,145,<5,"2,535",<5,<5,9,0,<5,<5,51,31
11450,Camden (A),13,28,"5,743",61,"2,211",143,670,550,"1,294","4,811","3,730","3,128",528,"1,086",204,795,<5,"9,222",19,13,48,0,8,7,126,313
11500,Campbelltown (C),57,169,"14,018",222,"6,563",263,"3,303",631,"6,077","14,987","12,174","11,199","1,926","5,527",951,"3,081",19,"29,791",53,48,176,0,49,41,784,"1,093"
11520,Canada Bay (A),5,0,"7,177",94,"1,440",23,428,"1,604","1,138","2,561","1,927","2,061",566,845,110,216,5,"9,422",5,27,50,0,16,<5,52,362
11550,Canterbury (C),5,15,"16,404",224,"5,308",149,"2,832","1,220","4,503","12,050","9,472","10,257","2,167","4,646","1,497","1,243",45,"28,010",29,221,225,<5,85,33,312,"1,407"
11600,Carrathool (A),0,<5,249,<5,54,<5,20,35,82,193,143,142,15,84,12,37,0,425,0,0,<5,0,<5,0,11,10
11700,Central Darling (A),<5,25,173,0,53,<5,34,15,125,167,145,204,9,168,9,56,<5,450,0,0,0,0,<5,<5,28,<5
11720,Cessnock (C),20,91,"6,836",41,"2,298",68,"1,172",318,"3,375","4,602","3,841","3,957",493,"2,748",267,"1,294",17,"14,112",21,<5,48,0,22,43,504,158
11730,Clarence Valley (A),39,116,"9,660",41,"2,418",32,"1,296",754,"3,597","4,362","3,383","3,833",649,"2,749",310,923,15,"17,289",24,7,51,0,32,31,540,167
11750,Cobar (A),5,13,442,<5,84,<5,45,41,167,264,217,169,11,130,11,80,0,796,<5,0,<5,0,<5,0,17,<5
11800,Coffs Harbour (C),48,112,"11,144",130,"2,473",65,"1,175",870,"3,712","6,110","4,693","5,042",955,"3,461",386,"1,138",16,"19,571",37,6,54,0,29,32,624,395
11860,Conargo (A),0,0,69,<5,17,0,8,14,27,51,35,47,7,19,<5,7,0,118,0,0,0,0,0,0,<5,<5
12000,Coolamon (A),0,<5,674,<5,145,7,51,92,176,297,218,215,30,118,18,49,<5,"1,016",<5,0,<5,0,<5,<5,14,13
12050,Cooma-Monaro (A),<5,<5,"1,441",13,235,5,83,188,446,654,503,539,81,294,45,124,<5,"2,245",<5,0,<5,0,7,<5,58,27
12150,Coonamble (A),7,74,462,0,177,<5,121,55,246,392,339,407,31,283,15,154,0,"1,098",0,0,<5,0,0,<5,47,10
12200,Cootamundra (A),0,5,"1,573",<5,308,5,137,128,433,518,394,388,62,256,25,96,<5,"2,384",<5,0,6,0,<5,<5,37,14
12300,Corowa Shire (A),<5,5,"2,360",<5,378,9,141,212,402,769,560,611,131,384,34,145,6,"3,256",5,<5,8,0,<5,<5,50,32
12350,Cowra (A),18,37,"2,271",9,507,12,254,228,779,"1,012",763,872,130,588,59,227,<5,"3,839",<5,0,12,0,<5,<5,92,36
12500,Deniliquin (A),<5,17,"1,166",<5,250,12,97,89,398,536,426,471,76,306,32,118,0,"1,931",<5,0,7,0,<5,5,52,23
12600,Dubbo (C),69,194,"4,536",26,"1,134",31,492,411,"1,660","3,339","2,692","2,575",374,"1,498",155,930,7,"8,284",14,<5,18,0,<5,8,339,124
12700,Dungog (A),<5,<5,"1,155",8,302,<5,144,179,404,571,427,466,109,281,23,102,<5,"1,968",<5,0,<5,0,5,10,29,23
12750,Eurobodalla (A),18,54,"8,185",36,"1,428",23,691,830,"2,372","2,800","2,065","2,307",428,"1,552",178,539,7,"12,707",12,<5,42,0,19,23,223,79
12850,Fairfield (C),10,61,"22,305",309,"12,761",312,"9,282",793,"8,444","19,810","15,751","18,722","4,510","12,179","2,361","2,757",88,"49,862",45,185,435,0,77,47,967,"3,075"
12900,Forbes (A),13,23,"1,466",<5,278,7,116,157,444,730,544,548,92,315,33,174,<5,"2,360",5,0,<5,0,6,<5,48,22
12950,Gilgandra (A),5,26,663,<5,138,<5,76,67,222,384,283,327,29,198,20,99,0,"1,143",<5,0,<5,0,<5,<5,34,6
13010,Glen Innes Severn (A),<5,15,"1,620",11,352,6,187,181,667,729,558,764,105,527,64,161,<5,"2,906",<5,0,7,0,<5,6,77,32
13050,Gloucester (A),<5,7,"1,080",<5,184,<5,97,147,260,366,279,340,52,232,18,70,<5,"1,631",<5,0,<5,0,<5,5,26,12
13100,Gosford (C),57,90,"25,517",238,"4,624",121,"1,671","2,665","6,059","10,620","8,253","8,406","1,798","4,891",434,"1,826",12,"37,784",65,14,133,0,26,37,641,900
13310,Goulburn Mulwaree (A),5,12,"4,114",27,844,24,345,377,"1,319","2,072","1,615","1,581",234,"1,076",119,463,<5,"6,833",12,<5,22,0,7,7,138,91
13320,Great Lakes (A),21,72,"9,373",35,"1,840",28,930,872,"2,270","2,510","1,896","2,292",364,"1,725",151,553,12,"14,103",14,<5,43,0,19,20,239,88
13340,Greater Hume Shire (A),<5,9,"1,337",5,326,<5,140,177,313,762,527,532,74,278,38,90,<5,"2,038",7,0,5,0,<5,<5,26,34
13380,Greater Taree (C),32,124,"9,972",41,"2,388",43,"1,243",666,"3,492","4,201","3,261","3,841",605,"2,753",309,904,15,"17,145",19,<5,61,0,22,35,474,167
13450,Griffith (C),8,38,"2,591",11,747,20,286,401,890,"2,046","1,470","1,345",156,731,92,368,<5,"4,527",16,11,8,0,13,9,144,75
13500,Gundagai (A),<5,<5,521,<5,115,<5,51,69,111,258,192,176,22,107,8,34,0,781,<5,0,<5,0,<5,<5,11,13
13550,Gunnedah (A),8,63,"1,599",12,328,6,142,141,491,908,722,817,100,516,43,250,<5,"2,696",<5,0,6,0,<5,<5,109,33
13650,Guyra (A),<5,20,635,<5,150,6,79,75,247,398,290,372,36,230,34,75,0,"1,134",<5,<5,<5,0,<5,<5,39,14
13660,Gwydir (A),<5,8,921,<5,199,5,99,53,290,401,314,323,41,154,23,81,<5,"1,476",<5,<5,<5,0,6,5,32,7
13700,Harden (A),0,<5,663,<5,107,5,47,39,182,247,172,155,23,86,16,42,<5,988,<5,<5,<5,0,<5,<5,7,12
13800,Hawkesbury (C),18,46,"5,897",61,"1,556",82,585,740,"1,677","4,078","3,154","2,741",512,"1,541",141,759,5,"9,905",30,<5,43,0,<5,14,169,276
13850,Hay (A),0,8,422,<5,77,<5,26,44,125,225,170,166,23,96,12,56,<5,664,0,0,<5,0,0,<5,14,8
13950,Holroyd (C),9,20,"10,518",159,"3,619",119,"2,055",710,"3,473","8,876","7,005","6,994","1,493","3,274",949,"1,071",17,"18,925",24,150,146,0,54,24,330,918
14000,Hornsby (A),10,7,"13,431",199,"2,086",109,530,"3,725","2,314","6,013","4,173","4,877","1,530","1,649",224,385,6,"17,697",14,93,104,0,6,<5,109,913
14100,Hunters Hill (A),<5,19,"1,085",10,158,7,47,373,230,228,181,219,66,116,5,20,<5,"1,465",0,6,6,0,<5,<5,<5,48
14150,Hurstville (C),6,<5,"8,919",82,"2,017",64,823,"1,354","1,694","4,906","3,578","3,845","1,003","1,625",271,485,13,"13,000",14,74,120,<5,13,8,107,631
14200,Inverell (A),9,65,"2,575",12,614,29,297,242,951,"1,545","1,198","1,346",167,741,111,372,5,"4,565",7,<5,5,0,10,9,174,59
14250,Jerilderie (A),0,0,210,0,46,<5,17,29,50,95,61,55,9,25,<5,14,0,306,0,0,0,0,0,0,0,<5
14300,Junee (A),<5,7,666,5,225,5,99,68,273,402,302,273,43,166,14,95,0,"1,217",<5,0,0,0,<5,<5,24,17
14350,Kempsey (A),62,166,"5,143",24,"1,746",19,"1,002",381,"2,624","2,750","2,233","2,416",352,"1,639",171,714,9,"10,468",17,<5,22,0,16,19,308,87
14400,Kiama (A),<5,6,"3,190",33,439,12,151,589,453,911,657,726,176,356,34,130,<5,"4,110",6,0,14,0,<5,<5,48,107
14450,Kogarah (C),0,12,"5,346",51,"1,264",31,446,"1,143",902,"2,894","2,103","2,203",572,900,151,246,8,"7,495",9,59,64,0,<5,6,59,374
14500,Ku-ring-gai (A),7,14,"6,846",77,"1,147",50,182,"4,290",720,"2,516","1,769","2,307",683,511,72,150,<5,"8,144",5,29,46,0,<5,0,36,511
14550,Kyogle (A),8,16,"1,442",18,320,7,205,147,761,790,588,830,149,653,56,154,<5,"2,914",<5,0,13,0,<5,6,78,32
14600,Lachlan (A),7,55,825,0,192,6,95,102,280,550,435,436,45,269,34,145,<5,"1,465",0,0,6,0,<5,<5,48,16
14650,Lake Macquarie (C),72,180,"30,554",235,"6,755",153,"2,796","2,660","8,683","12,328","9,765","10,284","2,221","5,854",516,"2,472",42,"47,860",54,10,135,0,65,67,"1,007",913
14700,Lane Cove (A),<5,20,"1,776",32,323,8,61,836,319,748,608,654,187,231,27,69,0,"2,341",5,6,15,0,<5,<5,14,149
14750,Leeton (A),<5,29,"1,438",<5,367,11,174,161,443,901,678,647,76,371,50,206,<5,"2,476",5,<5,7,0,<5,<5,72,34
14800,Leichhardt (A),23,8,"3,440",102,587,22,189,746,"1,213","1,115",932,"1,357",389,886,38,178,0,"5,422",14,<5,16,0,<5,<5,47,287
14850,Lismore (C),54,76,"5,616",201,"1,234",61,572,540,"2,904","3,983","3,105","3,817",846,"2,666",251,796,10,"11,313",21,<5,45,0,8,16,372,378
14870,Lithgow (C),<5,22,"3,498",16,765,17,364,204,"1,246","1,400","1,164","1,459",215,"1,028",106,360,9,"5,944",10,0,22,0,<5,14,144,77
14900,Liverpool (C),26,97,"16,247",228,"9,502",352,"6,026",903,"7,194","18,264","14,369","13,925","2,873","7,238","1,818","2,680",29,"36,424",46,158,227,<5,74,42,698,"1,864"
14920,Liverpool Plains (A),5,41,"1,176",<5,283,5,148,89,392,592,466,501,58,339,24,143,<5,"2,023",<5,0,5,0,<5,<5,48,19
14950,Lockhart (A),<5,<5,437,<5,96,<5,39,65,140,221,152,163,22,82,11,34,0,691,<5,0,<5,0,<5,0,11,5
15050,Maitland (C),33,88,"8,457",88,"2,555",85,"1,092",467,"3,438","5,776","4,764","4,773",785,"2,625",305,"1,375",9,"15,727",17,<5,42,0,21,32,534,315
15150,Manly (A),0,0,"2,112",36,301,12,65,"1,183",441,763,598,635,165,298,15,66,0,"2,875",6,0,12,0,<5,0,23,110
15200,Marrickville (A),32,36,"6,904",276,"1,628",25,679,553,"2,256","2,624","2,096","3,263","1,074","2,139",100,384,9,"11,272",14,13,63,<5,24,10,147,806
15270,Mid-Western Regional (A),8,27,"3,264",25,724,25,373,328,"1,088","1,623","1,272","1,467",214,905,104,349,6,"5,540",7,0,19,0,10,11,146,45
15300,Moree Plains (A),33,118,"1,174",<5,388,16,217,135,641,"1,214","1,015","1,071",100,772,54,422,<5,"2,723",5,0,5,0,<5,<5,130,20
15350,Mosman (A),<5,<5,"1,349",17,194,7,21,864,172,397,334,377,101,151,<5,37,0,"1,648",<5,<5,6,0,0,0,5,69
15500,Murray (A),0,6,"1,649",<5,284,7,101,147,242,529,360,437,121,221,16,83,<5,"2,198",<5,0,<5,0,<5,5,35,20
15550,Murrumbidgee (A),0,<5,244,0,74,<5,38,30,95,199,144,111,16,64,7,49,0,460,0,0,<5,0,0,<5,6,6
15650,Muswellbrook (A),5,34,"1,482",6,429,18,205,148,753,"1,286","1,142","1,112",94,822,77,424,<5,"3,264",11,0,14,0,<5,5,176,29
15700,Nambucca (A),10,81,"4,098",26,"1,003",16,570,266,"1,493","1,678","1,340","1,530",229,"1,171",116,408,7,"7,293",10,<5,21,0,14,20,182,57
15750,Narrabri (A),8,54,"1,561",6,372,13,159,119,503,966,754,864,90,555,46,271,<5,"2,730",<5,0,10,0,<5,<5,111,27
15800,Narrandera (A),<5,32,910,<5,249,8,113,81,289,499,391,387,61,234,29,134,<5,"1,564",<5,<5,5,0,<5,0,45,21
15850,Narromine (A),13,70,873,<5,152,<5,64,109,237,529,433,433,40,307,22,157,0,"1,468",0,0,<5,0,<5,<5,38,11
15900,Newcastle (C),131,153,"17,989",429,"4,032",109,"1,652","1,607","7,936","8,493","6,944","10,160","3,129","5,893",452,"1,699",21,"32,101",40,13,92,0,41,29,"1,002","2,255"
15950,North Sydney (A),<5,<5,"3,257",57,335,8,75,"1,556",639,985,812,889,236,488,23,92,<5,"4,268",<5,10,25,0,0,0,17,216
16100,Oberon (A),0,<5,714,5,124,8,57,104,207,348,277,270,48,156,19,66,0,"1,118",<5,0,6,0,0,<5,24,13
16150,Orange (C),20,99,"4,813",54,"1,079",45,422,466,"2,024","2,933","2,377","2,259",409,"1,273",150,793,5,"8,736",12,7,20,<5,9,8,283,211
16180,Palerang (A),<5,<5,"1,118",13,219,8,64,243,250,586,456,421,68,198,36,87,<5,"1,635",10,0,8,0,<5,5,14,21
16200,Parkes (A),11,55,"1,966",6,566,14,238,255,776,"1,174",925,"1,059",170,646,75,283,<5,"3,573",<5,0,10,0,6,8,137,61
16250,Parramatta (C),24,31,"15,346",330,"4,864",158,"2,843","1,780","5,746","13,180","10,243","10,897","2,478","5,089","1,293","1,290",26,"28,202",31,203,219,0,95,43,443,"1,574"
16350,Penrith (C),49,162,"16,665",251,"5,872",397,"2,505","1,005","6,108","15,116","12,143","10,661","1,827","5,395",706,"3,223",14,"31,420",51,32,118,0,50,44,757,928
16370,Pittwater (A),<5,<5,"5,468",40,644,24,138,"1,907",558,"1,912","1,437","1,121",245,453,43,200,<5,"6,631",8,<5,16,0,0,<5,35,165
16380,Port Macquarie-Hastings (A),41,109,"16,212",127,"3,195",35,"1,365","1,407","3,748","5,756","4,302","4,913",920,"3,055",363,"1,005",23,"24,141",26,<5,58,0,15,34,484,355
16400,Port Stephens (A),25,72,"11,531",58,"2,662",68,"1,216","1,065","3,182","4,866","3,871","4,068",675,"2,456",252,961,9,"18,167",24,7,56,0,19,27,386,238
16470,Queanbeyan (C),10,35,"2,956",25,694,25,185,289,"1,147","2,010","1,641","1,337",208,724,73,410,0,"5,075",12,<5,13,0,<5,0,111,78
16550,Randwick (C),74,69,"10,731",169,"2,076",46,705,"2,313","2,965","3,696","2,963","3,777","1,252","1,840",128,526,7,"15,804",22,27,77,0,7,9,149,"1,001"
16610,Richmond Valley (A),13,94,"3,900",34,"1,102",36,568,277,"1,663","2,152","1,637","1,885",280,"1,175",162,483,7,"7,330",6,<5,15,0,9,30,260,74
16650,Rockdale (C),10,9,"11,926",125,"2,959",62,"1,281","1,411","2,562","5,979","4,584","4,567","1,060","2,067",499,618,15,"17,604",23,50,103,0,25,16,158,670
16700,Ryde (C),29,9,"9,884",149,"1,832",48,681,"1,992","2,225","4,439","3,271","3,836","1,263","1,486",208,301,<5,"13,954",11,98,113,0,5,5,107,884
16900,Shellharbour (C),27,87,"9,307",62,"2,765",63,"1,183",436,"3,201","5,259","4,118","3,946",755,"2,263",228,"1,087",14,"16,163",19,6,58,0,22,16,391,337
16950,Shoalhaven (C),55,174,"19,313",110,"4,195",80,"2,050","1,648","5,445","7,482","5,784","6,236","1,061","4,087",456,"1,460",23,"30,524",35,<5,81,0,25,44,585,303
17000,Singleton (A),<5,30,"1,868",17,569,22,228,242,750,"1,268","1,058","1,152",184,684,68,332,<5,"3,525",<5,0,16,0,5,<5,156,58
17050,Snowy River (A),0,<5,662,5,101,<5,38,113,157,398,268,279,48,145,19,31,0,944,<5,0,0,0,<5,0,10,11
17100,Strathfield (A),<5,7,"2,598",67,693,23,296,507,650,"1,992","1,423","1,670",469,644,136,132,5,"4,064",<5,36,54,0,7,<5,49,297
17150,Sutherland Shire (A),18,41,"22,992",188,"3,847",184,"1,012","4,592","3,471","7,955","5,965","5,784","1,368","2,435",184,"1,034",8,"29,963",48,28,104,0,13,<5,188,736
17200,Sydney (C),96,89,"8,985",461,"1,706",21,885,"1,288","5,879","3,429","2,914","5,767","1,912","4,368",157,558,8,"18,286",24,90,111,0,13,<5,253,"1,468"
17310,Tamworth Regional (A),55,263,"8,072",30,"1,789",54,841,643,"2,537","4,923","3,850","4,169",566,"2,507",276,"1,314",16,"13,930",18,<5,35,0,21,21,520,197
17350,Temora (A),0,<5,"1,046",<5,180,<5,89,127,249,442,296,324,51,181,14,71,0,"1,538",<5,0,<5,0,<5,<5,37,16
17400,Tenterfield (A),<5,22,"1,332",12,251,<5,148,107,531,529,401,582,87,463,37,114,<5,"2,383",<5,0,5,0,5,6,52,14
17420,The Hills Shire (A),10,6,"14,303",179,"2,839",95,716,"3,941","2,061","7,486","5,245","5,570","1,558","1,646",316,556,<5,"18,645",25,104,128,0,8,8,137,911
17450,Tumbarumba (A),<5,0,533,<5,97,5,47,46,119,229,172,173,26,99,14,44,0,796,<5,0,<5,0,0,0,15,<5
17500,Tumut Shire (A),7,24,"1,745",5,306,15,134,185,470,798,613,568,75,401,36,161,<5,"2,742",<5,<5,<5,0,5,<5,57,14
17550,Tweed (A),71,128,"16,903",163,"3,394",45,"1,487","1,346","4,811","6,958","5,343","5,768","1,149","3,830",426,"1,228",16,"26,664",44,8,97,0,28,30,549,391
17620,Upper Hunter Shire (A),5,8,"1,769",6,289,5,128,220,421,808,639,635,110,411,43,170,<5,"2,713",<5,<5,11,0,7,6,55,40
17640,Upper Lachlan Shire (A),0,<5,"1,070",<5,212,7,75,199,264,455,308,326,53,150,27,60,<5,"1,562",<5,0,<5,0,<5,<5,20,13
17650,Uralla (A),9,12,912,<5,186,5,90,90,265,465,316,414,78,211,26,58,<5,"1,443",0,0,<5,0,<5,5,28,20
17700,Urana (A),<5,<5,196,0,46,<5,21,22,73,89,60,66,6,41,<5,16,<5,329,0,0,<5,0,0,<5,8,<5
17750,Wagga Wagga (C),44,105,"6,362",93,"1,589",84,629,766,"2,279","4,381","3,447","3,824",949,"1,859",212,970,<5,"11,101",11,<5,12,0,8,<5,395,741
17800,Wakool (A),0,<5,660,0,76,0,40,79,138,227,156,226,71,94,10,38,<5,928,<5,0,<5,0,0,<5,13,16
17850,Walcha (A),0,6,407,<5,61,<5,31,98,132,238,161,192,28,88,17,38,<5,651,0,0,<5,0,<5,<5,12,11
17900,Walgett (A),17,84,910,<5,343,5,246,58,625,642,549,779,45,596,28,233,<5,"2,220",<5,<5,7,0,<5,<5,89,12
17950,Warren (A),<5,14,330,0,74,<5,31,65,98,204,154,189,13,147,10,56,0,572,<5,0,<5,0,0,0,25,5
18000,Warringah (A),7,13,"13,384",121,"1,850",73,458,"3,439","2,134","4,964","3,619","3,349",726,"1,457",128,525,<5,"17,339",19,11,61,0,6,5,107,468
18020,Warrumbungle Shire (A),11,29,"1,695",<5,381,<5,209,152,546,731,538,699,102,462,59,153,<5,"2,817",7,0,10,0,<5,8,53,35
18050,Waverley (A),<5,6,"3,778",88,681,15,207,"1,010",854,"1,392","1,134","1,379",319,685,62,147,<5,"5,268",10,10,22,0,<5,0,46,224
18100,Weddin (A),0,0,706,<5,145,<5,81,93,218,237,158,190,35,120,17,31,0,"1,109",<5,0,5,0,0,<5,15,11
18150,Wellington (A),16,75,"1,275",6,325,9,167,106,484,741,585,660,64,496,50,211,<5,"2,362",<5,<5,7,0,<5,<5,77,20
18200,Wentworth (A),<5,27,900,6,235,<5,126,86,321,521,392,557,119,353,30,110,<5,"1,619",<5,0,<5,0,<5,<5,52,24
18250,Willoughby (C),6,<5,"4,064",60,679,21,189,"1,709",765,"1,911","1,414","1,678",485,560,79,115,<5,"5,454",13,55,37,0,5,0,41,300
18350,Wingecarribee (A),6,12,"7,340",32,"1,145",30,407,"1,377","1,471","2,629","1,925","1,706",314,771,115,378,<5,"10,047",16,<5,19,0,9,6,103,117
18400,Wollondilly (A),10,24,"4,431",36,"1,363",73,480,451,995,"2,805","2,101","1,920",360,786,83,489,7,"6,912",16,0,27,0,11,9,107,162
18450,Wollongong (C),102,131,"27,403",350,"6,926",167,"2,921","2,423","8,991","11,889","9,490","11,756","3,423","6,681",762,"2,233",44,"45,076",66,14,134,0,59,48,"1,003","2,355"
18500,Woollahra (A),<5,20,"2,174",59,354,10,73,"1,205",397,765,618,731,203,357,21,82,0,"2,858",<5,<5,14,0,<5,0,14,156
18550,Wyong (A),62,158,"25,201",195,"6,324",178,"2,810","1,526","7,719","13,050","10,433","10,210","1,659","6,402",568,"2,737",25,"42,187",86,11,120,0,54,49,976,661
18710,Yass Valley (A),<5,14,"1,393",10,301,6,109,282,349,766,553,509,83,217,40,115,0,"2,098",7,0,5,0,<5,0,23,43
18750,Young (A),<5,19,"1,898",<5,385,14,170,180,648,"1,112",856,803,98,468,84,246,<5,"3,223",<5,0,10,0,7,7,86,41
19399,Unincorporated NSW,0,0,167,<5,21,0,7,28,29,83,51,56,0,41,5,6,<5,229,0,0,0,0,0,<5,<5,0
20110,Alpine (S),<5,0,"2,182",13,335,7,143,276,416,796,559,685,219,345,39,105,<5,"3,050",<5,<5,10,0,<5,6,27,47
20260,Ararat (RC),<5,<5,"1,890",11,369,13,167,196,660,794,587,830,270,460,51,129,<5,"3,099",<5,0,6,0,<5,<5,74,37
20570,Ballarat (C),19,31,"12,726",239,"3,288",111,"1,518","1,042","5,264","7,846","6,200","8,878","3,484","4,159",417,"1,568",23,"23,215",44,<5,77,0,25,24,807,"1,353"
20660,Banyule (C),17,12,"13,153",206,"2,964",97,876,"2,321","3,354","5,579","4,345","6,764","2,924","2,651",291,716,6,"19,493",42,30,80,0,23,10,278,"1,015"
20740,Bass Coast (S),<5,<5,"6,521",43,"1,066",19,452,763,"1,642","2,546","1,905","2,455",791,"1,530",162,440,9,"9,974",11,<5,32,0,13,14,141,103
20830,Baw Baw (S),8,8,"6,772",62,"1,465",39,520,826,"1,736","3,588","2,719","3,291","1,205","1,505",166,622,6,"10,584",15,0,36,<5,9,9,199,239
20910,Bayside (C),<5,<5,"7,958",102,"1,380",28,314,"2,903","1,625","2,153","1,649","2,751","1,117","1,029",58,265,<5,"10,691",25,7,41,<5,<5,<5,71,433
21010,Benalla (RC),7,<5,"2,571",11,490,18,211,276,732,"1,077",825,"1,048",340,498,55,228,<5,"4,064",8,<5,22,0,<5,7,72,67
21110,Boroondara (C),5,8,"10,047",329,"2,130",69,388,"4,664","2,168","3,477","2,539","5,970","3,082","1,576",105,256,<5,"13,599",21,28,54,0,6,6,112,"1,712"
21180,Brimbank (C),12,15,"21,374",422,"8,435",224,"3,964",960,"6,808","16,785","13,354","19,301","6,196","9,945","1,455","2,604",58,"39,920",80,133,273,0,116,92,943,"2,372"
21270,Buloke (S),<5,<5,"1,134",<5,237,<5,112,144,319,419,267,514,104,214,26,38,0,"1,718",<5,0,<5,0,<5,<5,18,27
21370,Campaspe (S),15,29,"6,133",25,"1,240",31,505,582,"1,657","2,849","2,120","2,638",732,"1,355",154,534,<5,"9,621",20,0,34,0,16,22,188,154
21450,Cardinia (S),<5,11,"8,152",114,"2,385",86,857,704,"2,262","8,139","6,295","6,068","1,919","2,418",412,"1,372",7,"14,168",29,10,58,0,8,8,324,519
21610,Casey (C),11,35,"22,855",392,"8,648",237,"3,740","1,386","8,530","27,273","20,596","22,844","7,315","8,634","1,888","3,361",28,"43,596",107,120,237,0,42,29,"1,153","2,487"
21670,Central Goldfields (S),<5,<5,"3,065",11,674,10,376,109,"1,087","1,087",823,"1,363",435,788,78,207,8,"5,151",11,<5,21,0,8,11,120,51
21750,Colac-Otway (S),<5,<5,"3,078",14,557,16,239,388,"1,046","1,563","1,103","1,512",549,725,70,219,5,"5,017",6,<5,22,0,<5,9,93,90
21830,Corangamite (S),0,7,"2,330",17,428,18,177,319,669,"1,124",781,"1,152",404,471,66,161,5,"3,641",10,0,19,0,<5,6,51,65
21890,Darebin (C),33,23,"16,127",591,"4,552",91,"1,650","1,156","5,324","6,891","5,391","10,076","4,373","4,862",433,899,16,"26,217",50,35,82,0,68,22,408,"1,809"
22110,East Gippsland (S),11,47,"9,152",37,"1,682",44,769,948,"2,501","3,331","2,503","3,801","1,095","2,262",225,598,16,"14,072",25,<5,45,0,14,16,276,142
22170,Frankston (C),12,19,"15,303",194,"3,723",117,"1,488","1,027","5,461","10,751","8,616","9,179","2,976","5,002",450,"2,013",11,"27,292",60,11,85,<5,11,18,625,909
22250,Gannawarra (S),5,9,"2,102",<5,348,7,150,196,510,773,531,737,212,339,35,121,<5,"3,071",6,0,15,0,<5,<5,39,46
22310,Glen Eira (C),6,<5,"12,177",244,"2,674",39,640,"2,341","2,701","4,790","3,588","5,838","2,431","2,042",220,344,10,"16,890",22,32,66,0,14,13,124,"1,082"
22410,Glenelg (S),<5,16,"3,028",17,717,25,367,315,"1,043","1,366","1,059","1,428",448,882,98,237,<5,"5,259",8,0,30,<5,9,6,138,63
22490,Golden Plains (S),<5,<5,"1,963",19,656,29,263,213,640,"1,550","1,037","1,321",461,564,40,182,<5,"3,369",10,<5,13,0,8,11,64,82
22620,Greater Bendigo (C),20,40,"14,204",164,"3,646",92,"1,688","1,141","5,378","8,757","6,855","8,623","3,090","4,329",490,"1,746",20,"25,472",49,5,75,0,30,39,686,"1,210"
22670,Greater Dandenong (C),<5,14,"17,544",253,"5,122",149,"2,797",712,"6,861","13,589","10,565","14,477","4,751","6,943","1,328","1,633",46,"32,664",49,226,207,0,55,34,695,"1,915"
22750,Greater Geelong (C),43,59,"31,621",393,"7,414",281,"3,060","2,822","9,209","15,817","12,508","17,262","6,433","8,466",808,"2,858",43,"51,400",102,19,205,<5,42,38,"1,206","2,404"
22830,Greater Shepparton (C),36,73,"7,948",49,"2,367",67,"1,097",729,"3,241","5,601","4,265","5,254","1,344","2,780",381,"1,033",<5,"14,827",30,29,29,0,17,27,437,416
22910,Hepburn (S),5,<5,"2,536",21,449,12,208,200,769,"1,085",821,"1,052",369,589,83,157,<5,"4,007",<5,<5,21,0,<5,<5,54,49
22980,Hindmarsh (S),0,<5,"1,020",<5,169,5,94,156,331,350,242,391,118,188,24,43,<5,"1,610",<5,0,8,0,<5,<5,21,23
23110,Hobsons Bay (C),8,7,"9,598",148,"2,594",68,"1,042",872,"2,509","4,694","3,808","5,502","1,854","2,734",360,654,15,"15,228",23,13,74,0,19,17,236,604
23190,Horsham (RC),<5,11,"2,722",17,547,24,195,386,911,"1,545","1,128","1,453",517,609,89,275,<5,"4,487",5,<5,11,0,<5,<5,111,130
23270,Hume (C),19,27,"16,560",294,"9,767",294,"5,884",801,"7,903","19,308","15,276","19,941","5,120","9,488","2,169","2,464",37,"37,034",77,54,160,0,88,56,"1,234","2,071"
23350,Indigo (S),<5,<5,"2,274",7,399,14,141,264,494,"1,058",768,834,205,428,42,139,<5,"3,299",6,0,15,0,<5,<5,51,59
23430,Kingston (C),9,5,"18,261",164,"3,487",74,"1,127","2,130","4,050","7,292","5,476","7,421","3,046","3,116",245,787,13,"26,012",36,52,102,0,25,14,271,993
23670,Knox (C),9,6,"17,393",197,"3,723",119,"1,177","1,589","4,057","9,361","6,864","9,263","3,776","3,566",409,"1,102",26,"25,786",49,50,116,0,19,15,363,"1,100"
23810,Latrobe (C),12,35,"10,238",97,"2,820",93,"1,291",660,"4,477","5,744","4,754","6,740","1,825","4,228",364,"1,500",12,"19,567",37,6,65,<5,19,36,706,448
23940,Loddon (S),0,0,"1,416",7,321,<5,188,125,519,531,366,601,143,351,45,66,<5,"2,390",<5,0,7,0,<5,8,29,35
24130,Macedon Ranges (S),<5,<5,"4,750",50,"1,026",42,328,708,"1,055","2,347","1,726","2,201",876,817,80,283,0,"6,876",6,<5,31,0,8,<5,83,179
24210,Manningham (C),<5,<5,"14,010",135,"2,713",47,718,"3,752","1,807","4,638","3,222","5,646","2,624","1,659",189,305,13,"17,765",21,47,72,0,15,7,136,865
24250,Mansfield (S),<5,<5,"1,360",<5,173,<5,69,164,247,542,382,437,132,229,18,56,<5,"1,867",0,0,<5,0,0,<5,12,25
24330,Maribyrnong (C),15,7,"6,039",326,"1,892",37,830,310,"2,489","3,982","3,227","6,589","2,665","3,456",335,551,14,"11,533",28,37,102,0,19,7,295,"1,155"
24410,Maroondah (C),7,11,"12,293",158,"2,314",67,673,"1,537","3,354","6,530","4,987","6,629","2,429","2,628",431,807,7,"18,557",39,25,55,0,6,7,299,739
24600,Melbourne (C),51,13,"3,431",374,739,12,341,945,"2,082","2,259","1,965","5,669","2,974","2,603",200,366,<5,"7,135",17,37,57,0,<5,<5,212,"1,764"
24650,Melton (C),12,20,"8,944",181,"5,001",196,"2,190",367,"3,995","12,555","9,875","10,903","2,974","4,657",848,"2,149",20,"19,698",54,28,131,0,38,44,629,"1,006"
24780,Mildura (RC),20,83,"7,443",53,"2,144",45,916,535,"2,914","4,770","3,663","4,849","1,078","2,666",363,967,12,"13,501",22,12,43,0,17,17,471,251
24850,Mitchell (S),<5,15,"4,098",33,"1,323",38,538,313,"1,445","3,375","2,648","2,765",713,"1,370",143,603,6,"7,407",16,<5,23,0,8,13,229,204
24900,Moira (S),<5,14,"5,372",19,"1,114",24,497,438,"1,360","2,243","1,639","2,006",523,"1,099",91,428,8,"8,303",14,5,25,0,10,7,128,106
24970,Monash (C),15,5,"20,081",233,"3,816",76,"1,160","3,916","3,430","7,737","5,522","9,379","4,546","2,928",309,558,31,"27,006",28,117,135,0,34,12,230,"1,936"
25060,Moonee Valley (C),9,8,"12,862",234,"3,206",66,"1,019","1,692","2,710","4,497","3,465","6,300","2,646","2,900",235,620,10,"18,473",22,22,68,0,19,5,251,"1,057"
25150,Moorabool (S),<5,7,"3,479",33,"1,040",22,416,312,988,"2,233","1,704","2,135",735,"1,015",92,373,5,"5,814",17,<5,27,0,7,11,137,153
25250,Moreland (C),35,15,"17,532",629,"5,397",127,"2,106","1,179","5,093","8,022","6,341","11,463","4,659","5,188",665,857,18,"27,797",49,27,95,0,70,38,491,"1,944"
25340,Mornington Peninsula (S),6,25,"25,189",179,"4,011",104,"1,422","3,608","5,008","9,500","7,286","8,177","2,798","4,046",342,"1,596",19,"35,619",70,5,113,0,19,21,412,643
25430,Mount Alexander (S),<5,<5,"3,137",40,429,9,188,359,913,"1,321",980,"1,285",433,701,85,156,<5,"4,794",8,0,21,0,5,<5,66,66
25490,Moyne (S),<5,13,"1,870",13,421,10,166,331,495,"1,180",780,"1,029",381,441,46,136,<5,"2,965",<5,0,12,0,6,7,40,60
25620,Murrindindi (S),<5,<5,"2,166",7,367,7,158,278,595,913,647,760,264,406,37,112,5,"3,291",7,0,14,0,<5,5,25,37
25710,Nillumbik (S),6,<5,"4,313",94,"1,133",49,252,"1,089",887,"2,431","1,712","2,843","1,344",806,52,247,<5,"6,157",21,<5,24,0,<5,<5,87,328
25810,Northern Grampians (S),<5,<5,"2,073",9,418,11,181,190,837,820,595,857,292,473,51,130,<5,"3,541",5,<5,18,0,9,6,65,35
25900,Port Phillip (C),12,<5,"5,896",261,"1,235",18,424,"1,369","3,263","2,408","2,040","4,201","1,579","2,610",125,400,9,"11,107",24,19,49,0,9,5,167,633
25990,Pyrenees (S),<5,<5,"1,287",5,294,5,149,109,437,514,362,608,196,323,29,74,<5,"2,127",6,0,13,0,5,<5,30,23
26080,Queenscliffe (B),0,0,611,<5,64,0,19,181,49,111,82,107,52,47,<5,14,0,727,<5,0,0,0,0,0,<5,7
26170,South Gippsland (S),<5,5,"4,470",37,758,16,291,735,"1,116","2,027","1,454","1,864",668,872,110,276,<5,"6,683",12,0,20,0,9,6,86,103
26260,Southern Grampians (S),0,8,"2,485",9,412,12,190,319,683,"1,181",823,"1,188",449,555,75,162,<5,"3,848",5,0,12,0,<5,0,108,75
26350,Stonnington (C),8,<5,"6,190",222,"1,219",19,325,"1,989","1,765","1,791","1,459","3,408","1,599","1,495",58,243,<5,"9,136",19,25,53,0,7,<5,134,901
26430,Strathbogie (S),<5,<5,"1,958",10,329,7,144,262,445,657,502,604,206,345,34,104,<5,"2,850",9,0,8,0,<5,<5,25,38
26490,Surf Coast (S),<5,<5,"3,009",58,484,20,155,637,574,"1,552","1,094","1,401",582,536,66,163,<5,"4,170",<5,<5,11,0,<5,<5,41,143
26610,Swan Hill (RC),6,37,"2,734",5,677,17,296,275,947,"1,711","1,273","1,510",384,756,110,331,<5,"4,709",6,6,10,0,6,6,96,78
26670,Towong (S),<5,5,985,<5,184,8,65,164,238,368,254,336,86,221,15,44,<5,"1,458",<5,0,<5,0,<5,0,20,16
26700,Wangaratta (RC),0,7,"4,473",24,866,29,341,450,"1,230","2,118","1,516","1,861",596,971,114,339,6,"6,996",11,<5,43,0,11,10,121,129
26730,Warrnambool (C),<5,18,"4,511",46,944,39,340,414,"1,361","2,523","1,893","2,598","1,155","1,299",128,477,7,"7,597",20,<5,41,0,7,12,204,260
26810,Wellington (S),8,13,"6,090",33,"1,464",46,638,574,"1,919","2,959","2,270","3,125","1,065","1,619",177,542,6,"10,116",19,<5,37,<5,<5,17,247,195
26890,West Wimmera (S),0,0,643,<5,111,<5,41,99,170,257,169,210,63,111,17,18,<5,948,<5,0,5,0,<5,<5,7,12
26980,Whitehorse (C),8,8,"17,862",294,"3,016",74,808,"3,445","3,465","6,582","4,787","8,360","3,932","2,539",325,475,14,"23,998",16,64,129,<5,13,<5,252,"1,510"
27070,Whittlesea (C),32,44,"18,574",277,"7,938",190,"3,394",944,"6,627","16,693","12,955","15,234","5,004","6,362","1,225","2,275",46,"34,174",75,93,136,0,83,51,746,"1,915"
27170,Wodonga (RC),13,16,"4,333",45,"1,331",45,550,318,"1,541","3,370","2,678","2,795",661,"1,495",150,701,7,"7,917",13,0,20,0,6,9,260,196
27260,Wyndham (C),21,37,"11,788",340,"5,482",200,"2,236",827,"4,407","20,220","16,207","17,308","4,700","6,414","1,565","2,720",16,"24,356",62,51,154,0,31,35,784,"1,478"
27350,Yarra (C),19,6,"5,146",456,"1,239",22,553,905,"2,718","2,427","2,095","4,982","2,346","2,726",217,537,5,"10,182",19,32,66,<5,10,7,207,"1,102"
27450,Yarra Ranges (S),11,21,"16,398",179,"3,527",105,"1,070","1,631","4,637","9,993","7,435","8,753","3,350","3,645",397,"1,318",17,"25,772",52,7,109,0,21,19,416,774
27630,Yarriambiack (S),0,0,"1,209",<5,304,<5,151,166,504,447,317,518,152,230,30,68,<5,"2,080",<5,0,9,0,5,<5,36,34
29399,Unincorporated Vic,0,0,22,0,<5,0,<5,7,9,13,11,19,8,14,0,<5,0,39,0,0,0,0,0,0,0,0
30250,Aurukun (S),<5,38,48,0,24,<5,25,0,64,180,168,362,<5,310,37,39,0,227,0,0,<5,0,0,<5,26,0
30300,Balonne (S),12,32,409,<5,96,5,45,59,135,397,295,361,26,188,14,102,<5,750,0,0,5,0,<5,0,32,11
30370,Banana (S),<5,20,"1,149",11,268,5,92,244,306,740,573,732,81,416,45,135,<5,"1,825",<5,0,<5,0,0,<5,59,11
30410,Barcaldine (R),0,<5,328,<5,52,0,19,35,58,206,150,156,18,63,11,26,0,465,<5,0,<5,0,0,<5,8,<5
30450,Barcoo (S),0,0,24,0,<5,0,<5,<5,<5,15,10,7,0,<5,<5,<5,0,32,0,0,0,0,0,0,0,0
30760,Blackall-Tambo (R),0,6,287,<5,65,0,34,18,84,139,87,97,12,47,9,25,0,459,<5,0,0,0,<5,0,6,<5
30900,Boulia (S),<5,10,12,<5,5,0,<5,<5,8,33,26,36,<5,35,<5,9,0,45,<5,0,0,0,0,0,5,0
31000,Brisbane (C),393,427,"85,453","2,505","17,395",474,"5,938","14,263","26,187","52,156","41,210","56,608","17,506","27,801","2,989","7,416",56,"137,476",286,267,560,0,113,75,"4,008","11,400"
31750,Bulloo (S),0,0,21,0,<5,0,0,<5,<5,17,12,7,0,<5,<5,<5,0,28,<5,0,0,0,0,0,0,0
31820,Bundaberg (R),37,145,"16,512",163,"4,538",107,"2,255","1,096","5,168","7,734","6,145","8,255","1,516","5,487",596,"1,738",41,"28,478",49,12,102,0,64,64,998,390
31900,Burdekin (S),8,48,"2,354",7,478,8,187,310,601,"1,062",839,957,103,652,54,255,<5,"3,697",7,0,10,0,<5,10,101,32
31950,Burke (S),<5,11,10,0,<5,0,<5,<5,12,20,18,38,<5,32,<5,<5,0,33,0,0,0,0,0,0,0,<5
32080,Cairns (R),262,692,"13,533",294,"3,445",88,"1,511","1,304","5,222","13,362","10,886","12,780","1,776","7,968",865,"3,186",9,"26,360",73,14,95,0,27,16,"1,150",648
32250,Carpentaria (S),15,36,163,0,33,0,27,<5,78,184,157,252,12,194,28,57,0,368,<5,0,<5,0,0,0,28,<5
32260,Cassowary Coast (R),34,161,"3,796",17,804,16,420,516,"1,259","2,391","1,884","2,095",235,"1,526",180,532,<5,"6,775",9,5,20,0,11,18,190,53
32270,Central Highlands (R),15,27,"1,235",11,413,16,161,144,495,"1,458","1,191","1,184",130,737,79,353,<5,"2,573",6,0,6,0,<5,<5,120,25
32310,Charters Towers (R),20,61,"1,506",<5,333,11,169,100,479,842,682,854,73,597,46,218,<5,"2,605",<5,0,5,0,<5,<5,103,14
32330,Cherbourg (S),7,75,48,0,39,0,32,0,113,235,224,286,11,215,14,132,0,385,0,<5,<5,0,0,0,75,<5
32450,Cloncurry (S),5,38,158,0,31,0,17,9,53,191,157,176,7,144,14,57,0,337,0,0,<5,0,0,<5,15,<5
32500,Cook (S),9,59,458,<5,91,<5,52,36,224,389,320,447,22,343,42,110,<5,975,<5,0,<5,0,<5,<5,31,5
32600,Croydon (S),0,5,15,0,7,0,<5,<5,11,26,20,29,0,21,<5,<5,0,37,0,0,0,0,0,0,<5,0
32750,Diamantina (S),<5,<5,7,0,<5,0,<5,0,<5,15,12,8,<5,7,<5,<5,0,18,0,0,0,0,0,0,0,0
32770,Doomadgee (S),<5,44,30,0,17,0,15,0,52,240,203,341,<5,225,71,56,0,193,<5,0,0,0,0,0,41,0
32810,Douglas (S),6,44,"1,250",12,235,9,126,195,485,860,656,841,120,616,60,168,<5,"2,257",8,0,<5,0,<5,<5,60,12
33100,Etheridge (S),0,6,86,0,19,0,11,7,26,56,39,52,<5,25,<5,9,0,136,0,0,0,0,0,0,0,0
33200,Flinders (S),<5,<5,172,<5,33,<5,11,28,55,137,102,132,9,79,5,24,0,299,0,0,0,0,0,0,8,<5
33220,Fraser Coast (R),43,180,"20,454",189,"5,792",68,"2,997","1,100","7,106","8,508","6,801","8,894","1,715","6,080",701,"1,799",41,"35,524",58,5,113,0,52,63,"1,021",362
33360,Gladstone (R),18,77,"4,563",41,"1,348",53,554,420,"1,678","3,654","3,159","4,435",449,"3,102",309,"1,020",<5,"8,972",18,<5,36,0,12,19,522,94
33430,Gold Coast (C),175,187,"60,970","1,213","13,474",300,"5,499","6,532","14,849","39,566","30,680","33,331","7,426","18,104","1,933","6,530",54,"96,971",224,52,428,<5,76,71,"2,243","4,146"
33610,Goondiwindi (R),6,29,"1,184",6,287,11,124,159,382,868,654,657,91,262,34,171,<5,"1,999",7,<5,9,0,<5,<5,56,27
33620,Gympie (R),16,54,"8,251",77,"2,458",40,"1,335",642,"3,834","4,385","3,459","4,118",745,"2,672",364,872,18,"15,758",23,7,59,0,25,47,463,186
33800,Hinchinbrook (S),9,34,"1,971",9,367,<5,158,275,465,608,468,611,101,464,41,110,<5,"2,949",<5,0,8,0,<5,7,73,18
33830,Hope Vale (S),<5,44,39,0,24,<5,19,0,41,131,120,218,0,168,26,55,0,180,0,0,0,0,0,0,25,0
33960,Ipswich (C),116,286,"15,534",364,"5,907",202,"2,614",820,"8,451","19,137","15,812","14,886","2,602","7,710","1,220","4,191",25,"34,847",80,23,102,0,31,63,"1,650","1,126"
33980,Isaac (R),<5,11,568,6,201,6,69,85,206,759,620,555,61,299,25,200,<5,"1,171",<5,<5,<5,0,<5,0,55,11
34420,Kowanyama (S),<5,44,48,0,30,0,26,0,66,167,161,250,<5,187,29,51,0,217,<5,0,<5,0,0,0,17,<5
34530,Livingstone (S),18,58,"4,318",28,950,22,370,503,"1,108","2,079","1,662","2,162",395,"1,440",142,455,8,"6,958",19,0,33,0,6,11,203,93
34570,Lockhart River (S),<5,31,30,0,13,0,11,0,27,105,92,129,<5,90,17,38,0,129,0,0,0,0,0,0,17,0
34580,Lockyer Valley (R),15,48,"4,501",49,"1,437",28,687,318,"1,920","3,177","2,498","2,797",592,"1,567",204,612,9,"8,598",18,6,22,0,17,32,257,338
34590,Logan (C),115,280,"27,489",483,"9,059",269,"4,204","1,252","11,830","29,549","23,892","24,691","4,163","12,929","2,005","6,090",39,"55,630",134,110,183,0,73,102,"2,412","1,774"
34710,Longreach (R),0,9,339,<5,64,<5,24,42,90,257,191,221,27,101,15,40,0,537,0,0,<5,0,<5,0,13,6
34770,Mackay (R),40,195,"10,065",92,"2,513",79,"1,103","1,320","2,961","6,871","5,796","6,965",966,"4,621",375,"1,804",14,"17,868",41,<5,97,0,22,34,784,245
34800,McKinlay (S),<5,<5,38,<5,<5,0,<5,<5,10,44,27,34,<5,13,<5,<5,0,57,<5,0,0,0,0,0,<5,0
34830,Mapoon (S),<5,10,9,0,6,0,<5,0,12,23,21,40,0,24,8,5,0,35,0,0,0,0,<5,<5,5,0
34860,Maranoa (R),10,26,"1,009",6,210,<5,86,232,341,849,644,682,94,333,33,190,0,"1,797",<5,<5,0,0,<5,<5,56,20
34880,Mareeba (S),28,132,"2,930",23,542,10,282,356,887,"1,833","1,440","1,967",202,"1,403",155,428,5,"5,011",8,<5,12,0,6,7,177,45
35010,Moreton Bay (R),123,304,"47,816",647,"13,195",330,"5,165","3,753","14,898","33,384","26,541","26,659","5,337","14,411","1,888","6,546",71,"82,664",168,28,310,<5,91,119,"2,660","1,907"
35250,Mornington (S),<5,44,46,0,9,0,7,0,37,180,156,244,<5,191,30,49,0,179,0,0,<5,0,0,0,15,0
35300,Mount Isa (C),35,141,914,<5,231,11,102,58,393,"1,206","1,055","1,366",80,950,113,432,<5,"2,074",6,0,<5,0,<5,<5,154,5
35600,Murweh (S),<5,22,502,5,93,<5,47,41,151,370,287,331,24,192,20,90,0,869,<5,0,<5,0,0,<5,27,6
35670,Napranum (S),<5,17,35,0,30,0,25,0,58,133,120,197,<5,132,29,40,0,184,0,0,<5,0,0,0,34,0
35740,Noosa (S),<5,14,"7,985",112,"1,434",25,618,"1,257","1,768","3,525","2,615","3,041",700,"1,929",185,489,7,"11,996",30,<5,64,0,11,12,226,217
35760,North Burnett (R),5,21,"1,615",6,337,5,157,222,513,788,567,748,95,429,56,146,<5,"2,639",<5,0,10,0,5,12,59,18
35780,Northern Peninsula Area (R),18,83,76,<5,24,<5,16,<5,36,385,337,411,10,236,68,147,0,307,<5,0,<5,0,0,0,33,<5
35790,Palm Island (S),21,118,69,0,44,0,37,0,107,314,289,516,7,377,54,131,<5,421,0,0,<5,0,0,0,86,0
35800,Paroo (S),6,25,192,0,53,0,33,15,120,150,124,171,16,107,7,55,<5,439,<5,0,0,0,0,<5,25,<5
36070,Pormpuraaw (S),<5,36,34,0,10,0,6,0,37,101,90,168,<5,142,15,32,0,134,0,0,0,0,0,0,11,0
36150,Quilpie (S),0,<5,61,0,11,<5,6,12,19,54,41,52,<5,28,<5,14,0,115,0,0,0,0,0,0,<5,<5
36250,Redland (C),26,77,"18,314",192,"3,924",97,"1,408","1,922","4,322","9,043","7,017","7,246","1,615","3,901",352,"1,578",25,"27,740",52,14,89,0,25,46,518,583
36300,Richmond (S),0,0,59,0,7,0,6,14,11,62,41,40,<5,22,<5,7,0,92,0,<5,0,0,<5,0,<5,0
36370,Rockhampton (R),75,280,"8,769",108,"2,308",68,986,627,"3,410","6,033","5,052","6,277",827,"4,095",394,"1,581",14,"16,376",28,7,47,0,18,28,723,288
36510,Scenic Rim (R),7,25,"5,456",69,"1,371",35,600,679,"1,601","3,080","2,346","2,416",475,"1,421",157,549,11,"9,037",23,0,34,0,6,10,192,124
36580,Somerset (R),7,26,"3,300",38,"1,048",17,517,231,"1,504","2,084","1,691","1,721",257,"1,081",160,463,7,"6,429",14,<5,21,0,19,24,179,71
36630,South Burnett (R),17,75,"5,637",28,"1,795",24,930,391,"2,462","2,682","2,107","2,569",370,"1,514",229,569,9,"10,409",13,<5,39,0,23,31,307,58
36660,Southern Downs (R),16,66,"6,044",51,"1,340",23,597,555,"1,873","3,067","2,276","2,488",481,"1,496",233,552,11,"10,041",27,0,31,0,16,20,248,94
36720,Sunshine Coast (R),93,105,"41,187",786,"8,025",173,"3,087","4,926","9,675","20,789","15,932","18,339","4,575","10,165","1,141","3,273",43,"62,814",123,18,280,0,44,62,"1,534","1,983"
36820,Tablelands (R),18,92,"4,216",28,720,8,351,429,"1,121","1,982","1,558","1,870",234,"1,352",150,473,<5,"6,746",22,<5,18,0,12,14,144,63
36910,Toowoomba (R),92,228,"19,369",268,"4,168",114,"1,719","2,155","6,401","11,885","9,305","9,816","2,141","5,127",757,"2,379",15,"32,601",48,14,91,0,37,53,"1,036",816
36950,Torres (S),22,117,128,0,45,<5,31,<5,75,337,267,324,12,192,41,91,0,359,<5,0,<5,0,0,0,24,<5
36960,Torres Strait Island (R),95,332,187,0,49,<5,37,<5,61,665,588,844,29,540,121,219,0,610,0,0,<5,0,0,0,88,0
37010,Townsville (C),258,582,"15,224",356,"4,740",125,"2,041","1,378","5,717","13,709","11,501","13,713","2,847","8,182",781,"3,507",12,"29,819",55,12,93,0,26,32,"1,427","1,579"
37300,Weipa (T),<5,22,29,<5,21,<5,<5,<5,17,164,126,122,<5,61,6,31,0,91,0,0,0,0,0,0,16,0
37310,Western Downs (R),22,67,"3,327",25,985,25,483,494,"1,456","2,674","2,104","2,246",323,"1,232",179,632,<5,"6,521",11,<5,22,0,19,17,272,87
37340,Whitsunday (R),10,56,"3,263",19,736,20,318,349,"1,118","2,204","1,739","2,133",227,"1,552",138,511,7,"5,938",15,<5,16,0,10,5,170,49
37400,Winton (S),<5,7,129,<5,16,0,<5,13,31,79,53,68,<5,38,<5,10,0,184,0,0,0,0,0,0,<5,<5
37550,Woorabinda (S),13,61,30,0,23,<5,18,0,54,162,159,285,14,217,9,92,0,240,0,0,0,0,0,0,53,0
37570,Wujal Wujal (S),<5,16,16,0,10,<5,11,0,23,44,40,104,<5,95,13,13,0,79,0,0,0,0,0,0,6,0
37600,Yarrabah (S),28,142,82,0,88,<5,89,0,149,443,406,758,19,540,42,198,0,614,<5,0,<5,0,0,0,135,<5
39399,Unincorporated Qld,0,0,0,0,0,0,0,0,0,0,0,0,0,0,0,0,0,0,0,0,0,0,0,0,0,0
40070,Adelaide (C),24,<5,"1,044",84,159,<5,63,304,803,428,361,"1,439",634,884,28,66,0,"2,286",5,<5,7,0,0,0,105,465
40120,Adelaide Hills (DC),<5,<5,"3,899",57,592,27,148,726,570,"1,655","1,143","1,441",434,693,53,157,<5,"5,149",5,0,13,0,<5,9,70,183
40220,Alexandrina (DC),6,9,"5,484",38,865,25,353,490,"1,182","1,804","1,324","1,526",324,"1,000",112,243,11,"7,837",8,0,33,0,5,14,99,84
40250,Anangu Pitjantjatjara (AC),13,23,89,0,25,<5,23,0,218,377,350,667,5,485,113,97,0,508,0,0,0,0,0,0,59,0
40310,Barossa (DC),<5,<5,"3,303",19,575,30,190,325,629,"1,541","1,107","1,100",209,577,69,199,<5,"4,668",14,0,11,0,<5,<5,61,62
40430,Barunga West (DC),0,0,607,<5,122,<5,60,42,148,121,88,134,29,98,9,20,<5,902,<5,0,<5,0,<5,<5,14,5
40520,Berri and Barmera (DC),7,12,"1,789",14,470,9,218,113,656,909,693,877,155,630,79,176,<5,"3,179",<5,<5,10,0,<5,6,77,41
40700,Burnside (C),<5,<5,"4,001",105,561,16,118,"1,443",631,"1,464","1,087","1,505",495,613,73,111,0,"5,108",<5,<5,13,0,<5,<5,44,299
40910,Campbelltown (C),7,<5,"7,724",79,"1,395",45,416,770,"1,506","2,884","2,084","2,722",831,"1,246",137,320,6,"10,619",14,17,27,0,16,14,149,437
41010,Ceduna (DC),6,21,395,<5,69,<5,31,27,106,280,234,265,20,209,23,66,<5,670,<5,0,5,0,0,0,27,<5
41060,Charles Sturt (C),59,30,"15,743",219,"3,558",94,"1,410","1,267","4,748","6,398","4,953","6,850","1,869","4,212",386,951,15,"24,945",33,26,61,0,48,30,474,"1,016"
41140,Clare and Gilbert Valleys (DC),<5,0,"1,244",5,256,7,87,193,346,595,420,459,87,279,38,81,<5,"1,926",<5,0,5,0,0,<5,24,16
41190,Cleve (DC),0,0,204,0,32,0,12,47,50,109,72,77,17,39,<5,11,0,297,<5,0,<5,0,0,0,<5,<5
41330,Coober Pedy (DC),<5,8,277,<5,42,<5,29,8,129,139,118,257,8,232,17,41,<5,542,0,0,<5,0,0,0,25,0
41560,Copper Coast (DC),11,5,"3,022",10,740,12,344,192,943,"1,069",806,"1,187",240,862,94,216,<5,"4,995",6,<5,14,0,<5,11,106,24
41750,Elliston (DC),0,0,106,<5,22,<5,9,14,53,78,56,71,11,43,5,6,0,202,<5,0,<5,0,0,<5,0,<5
41830,Flinders Ranges (DC),<5,<5,294,<5,52,0,26,21,79,91,76,99,15,95,<5,17,<5,460,<5,0,<5,0,0,<5,<5,6
41960,Franklin Harbour (DC),0,<5,243,0,42,<5,15,16,35,55,40,43,8,36,6,8,<5,332,0,0,<5,0,<5,<5,<5,0
42030,Gawler (T),7,8,"3,492",41,823,33,314,176,"1,070","1,928","1,585","1,676",364,"1,061",90,422,<5,"5,876",13,0,13,0,7,10,183,173
42110,Goyder (DC),<5,0,681,<5,138,7,69,80,280,330,223,313,44,203,26,33,<5,"1,161",<5,0,<5,0,<5,7,20,9
42250,Grant (DC),0,<5,710,<5,162,5,62,139,207,457,275,321,72,179,22,40,<5,"1,113",<5,0,<5,0,0,5,21,26
42600,Holdfast Bay (C),11,7,"4,998",81,535,12,160,855,"1,014","1,275","1,023","1,549",527,889,47,197,6,"6,779",13,5,18,0,6,0,85,286
42750,Kangaroo Island (DC),<5,<5,649,<5,113,<5,42,101,165,349,225,300,46,198,15,35,<5,992,0,0,5,0,<5,<5,14,10
43080,Karoonda East Murray (DC),0,0,190,<5,36,<5,22,17,55,95,66,101,13,52,14,6,<5,295,0,0,<5,0,0,0,<5,0
43220,Kimba (DC),0,0,136,<5,11,0,7,19,12,48,32,32,<5,17,<5,<5,0,166,0,0,0,0,0,0,<5,<5
43360,Kingston (DC),0,<5,425,0,44,<5,14,63,78,138,101,91,19,66,5,17,0,570,<5,0,<5,0,0,<5,<5,<5
43650,Light (RegC),<5,<5,"1,245",20,386,18,136,154,372,970,648,768,162,365,25,96,0,"2,049",8,0,10,0,<5,5,49,77
43710,Lower Eyre Peninsula (DC),<5,<5,525,<5,113,5,49,111,113,333,232,235,50,125,14,45,<5,804,<5,0,<5,0,<5,0,17,6
43790,Loxton Waikerie (DC),<5,7,"1,957",5,360,10,149,167,548,890,627,749,125,463,65,141,5,"3,035",6,<5,<5,0,<5,<5,67,42
43920,Mallala (DC),<5,6,828,14,313,14,123,64,376,648,452,554,92,331,27,93,<5,"1,621",6,0,7,0,<5,6,40,28
44000,Maralinga Tjarutja (AC),0,0,<5,0,<5,0,<5,0,5,12,11,44,<5,35,<5,<5,0,13,0,0,0,0,0,0,10,0
44060,Marion (C),28,27,"11,542",218,"2,208",69,864,832,"3,691","5,264","3,992","5,846","1,849","3,275",318,723,18,"18,414",28,21,54,0,34,23,391,"1,032"
44210,Mid Murray (DC),0,<5,"1,638",8,333,6,155,116,554,596,450,596,117,470,34,110,<5,"2,736",<5,0,8,0,6,7,37,26
44340,Mitcham (C),21,<5,"7,601",177,"1,087",31,245,"1,364","1,213","2,412","1,771","2,877","1,090","1,306",93,253,6,"9,910",12,7,25,0,8,6,129,654
44550,Mount Barker (DC),<5,11,"3,535",71,725,40,249,349,864,"2,362","1,732","1,924",506,924,117,284,<5,"5,428",8,0,17,0,8,6,132,203
44620,Mount Gambier (C),8,9,"3,742",31,752,24,333,256,"1,342","2,322","1,803","1,992",433,"1,256",155,464,<5,"6,521",10,<5,23,0,7,7,178,138
44830,Mount Remarkable (DC),0,<5,502,<5,80,<5,43,49,131,166,105,168,39,113,12,17,0,750,<5,0,<5,0,<5,<5,10,<5
45040,Murray Bridge (RC),16,30,"3,240",30,725,23,360,230,"1,183","1,900","1,474","1,792",332,"1,224",144,393,<5,"5,789",8,<5,19,0,10,11,196,94
45090,Naracoorte and Lucindale (DC),0,<5,960,7,126,6,52,177,192,617,424,458,65,272,32,70,0,"1,392",0,<5,5,0,0,<5,27,20
45120,Northern Areas (DC),0,<5,703,5,133,<5,64,77,222,266,187,232,41,147,15,35,<5,"1,108",<5,0,5,0,<5,<5,15,10
45290,Norwood Payneham St Peters (C),11,5,"4,468",108,627,19,161,575,"1,047","1,326","1,036","1,581",547,867,56,152,<5,"6,243",9,<5,21,0,5,6,78,330
45340,Onkaparinga (C),55,43,"22,100",353,"5,267",188,"2,228","1,205","7,048","14,053","10,849","12,375","2,901","7,453",822,"2,507",41,"37,825",65,10,109,0,38,54,"1,133","1,203"
45400,Orroroo/Carrieton (DC),0,0,145,0,19,0,8,24,31,48,28,51,9,24,8,<5,0,201,0,0,<5,0,<5,0,<5,<5
45540,Peterborough (DC),0,<5,360,<5,95,<5,60,24,221,153,129,178,22,170,18,36,0,773,0,0,<5,0,0,<5,19,<5
45680,Playford (C),36,66,"8,729",224,"4,179",221,"2,074",181,"5,954","10,620","8,851","10,810","1,948","6,919","1,037","2,713",18,"22,859",35,13,55,0,28,42,"1,153",836
45890,Port Adelaide Enfield (C),78,77,"14,649",258,"3,807",108,"1,765",561,"6,658","9,232","7,308","9,979","2,442","6,379",674,"1,434",21,"27,616",41,94,91,0,52,33,852,"1,226"
46090,Port Augusta (C),31,57,"1,767",6,481,16,239,70,792,"1,189","1,029","1,392",168,"1,047",112,385,<5,"3,591",<5,0,<5,0,<5,<5,181,34
46300,Port Lincoln (C),12,31,"1,992",10,389,13,159,161,662,"1,186",939,"1,073",181,738,86,272,<5,"3,453",6,<5,15,0,<5,6,91,59
46450,Port Pirie City and Dists (M),11,27,"2,976",7,790,18,364,116,"1,338","1,399","1,140","1,503",231,"1,132",108,273,10,"5,568",<5,6,22,0,5,15,208,51
46510,Prospect (C),<5,<5,"1,846",51,368,12,128,204,545,839,601,"1,038",314,526,52,74,<5,"2,789",<5,10,7,0,<5,0,59,202
46670,Renmark Paringa (DC),<5,6,"1,472",5,296,<5,147,83,449,782,551,780,100,554,64,132,<5,"2,459",<5,<5,7,0,6,5,63,32
46860,Robe (DC),0,0,166,0,20,<5,8,45,31,76,51,55,12,33,7,12,0,243,<5,0,0,0,0,0,<5,<5
46970,Roxby Downs (M),0,<5,18,<5,24,<5,6,0,19,120,107,91,6,47,<5,28,0,89,<5,0,0,0,0,0,8,<5
47140,Salisbury (C),43,61,"15,900",280,"5,169",233,"2,461",498,"6,616","13,512","10,638","13,371","2,907","8,092","1,274","2,437",40,"31,468",53,49,129,0,58,69,"1,132","1,488"
47290,Southern Mallee (DC),0,0,285,0,35,<5,20,43,79,122,76,102,9,65,8,11,<5,432,0,0,<5,0,0,<5,<5,<5
47490,Streaky Bay (DC),0,<5,260,<5,40,0,22,28,58,143,105,134,22,81,8,12,0,393,<5,0,0,0,0,<5,<5,<5
47630,Tatiara (DC),0,0,714,<5,89,<5,37,131,146,490,299,326,52,146,23,44,<5,"1,026",<5,0,5,0,<5,<5,11,21
47700,Tea Tree Gully (C),19,22,"13,640",145,"2,486",103,820,847,"2,683","6,311","4,671","5,349","1,362","2,715",281,812,19,"19,396",27,23,60,0,17,19,391,611
47800,The Coorong (DC),<5,6,857,<5,179,6,94,96,285,459,330,378,46,277,32,84,<5,"1,457",<5,0,6,0,<5,<5,29,11
47910,Tumby Bay (DC),<5,0,508,<5,86,<5,43,52,86,147,100,127,35,72,8,17,0,697,<5,<5,<5,0,0,<5,6,8
47980,Unley (C),<5,5,"3,750",121,532,21,132,769,806,"1,136",876,"1,469",556,692,49,128,<5,"5,105",5,<5,16,0,5,<5,53,347
48050,Victor Harbor (C),<5,5,"4,388",22,549,7,235,415,800,988,725,894,208,559,73,152,8,"5,929",0,0,16,0,9,5,88,39
48130,Wakefield (DC),0,<5,905,<5,271,<5,132,98,383,565,423,460,63,294,46,101,<5,"1,687",<5,0,<5,0,<5,7,44,9
48260,Walkerville (M),<5,<5,756,9,93,<5,25,215,178,183,146,281,108,156,12,19,0,"1,039",<5,0,7,0,0,0,19,60
48340,Wattle Range (DC),<5,<5,"1,660",9,322,7,152,188,542,827,602,759,185,516,61,128,6,"2,778",6,<5,11,0,5,6,53,51
48410,West Torrens (C),17,20,"7,641",178,"1,408",41,475,639,"1,970","2,914","2,195","3,532","1,163","1,922",157,307,8,"11,284",23,12,25,0,15,5,180,686
48540,Whyalla (C),14,23,"3,030",24,900,31,460,114,"1,283","1,718","1,513","2,048",259,"1,681",105,519,7,"6,047",7,<5,17,0,10,6,285,73
48640,Wudinna (DC),0,0,150,0,13,0,<5,12,29,90,56,47,5,25,9,8,0,201,0,0,<5,0,0,0,<5,0
48750,Yankalilla (DC),<5,0,"1,090",5,156,<5,70,104,298,329,227,285,69,239,20,50,<5,"1,649",<5,0,9,0,<5,<5,16,7
48830,Yorke Peninsula (DC),5,11,"2,602",<5,452,5,221,227,603,620,437,649,138,495,38,89,12,"3,796",0,<5,8,0,7,13,44,13
49399,Unincorporated SA,7,16,273,0,68,<5,38,13,148,196,160,313,13,282,30,34,0,577,<5,0,<5,0,<5,0,17,<5
50080,Albany (C),9,39,"5,024",37,887,23,369,764,"1,455","2,519","1,983","2,174",410,"1,248",143,460,8,"7,850",15,<5,23,0,9,19,221,98
50210,Armadale (C),31,49,"6,578",107,"1,560",62,602,438,"1,965","6,346","5,398","5,910",943,"3,642",403,"1,355",8,"11,849",33,8,44,0,17,25,572,323
50250,Ashburton (S),<5,5,45,0,33,0,5,<5,44,143,124,202,13,128,24,34,0,157,<5,0,0,0,0,0,16,<5
50280,Augusta-Margaret River (S),0,5,"1,226",11,157,7,59,283,304,"1,085",826,800,158,480,64,150,<5,"1,963",10,0,13,0,<5,<5,29,31
50350,Bassendean (T),<5,10,"1,726",23,276,8,89,103,496,867,745,928,208,566,46,193,<5,"2,708",5,0,9,0,8,<5,90,70
50420,Bayswater (C),14,32,"7,167",108,"1,035",21,397,622,"1,430","3,136","2,557","3,728",925,"2,235",176,492,7,"10,244",15,14,41,0,20,9,242,390
50490,Belmont (C),20,42,"3,816",61,635,17,283,240,"1,075","2,208","1,897","2,550",502,"1,569",164,415,<5,"6,109",13,20,28,0,<5,5,207,204
50560,Beverley (S),0,<5,309,0,64,0,33,44,94,94,76,93,19,58,5,19,<5,482,<5,0,<5,0,0,<5,5,<5
50630,Boddington (S),<5,<5,126,0,28,0,17,26,46,86,79,70,6,52,<5,32,0,235,0,0,0,0,0,0,5,<5
50770,Boyup Brook (S),0,0,195,<5,39,0,16,63,59,111,81,79,13,55,0,13,0,318,<5,0,<5,0,<5,<5,7,<5
50840,Bridgetown-Greenbushes (S),0,<5,755,<5,99,<5,34,89,172,286,224,282,70,175,17,43,<5,"1,088",<5,0,7,0,0,<5,14,12
50910,Brookton (S),<5,5,137,0,22,<5,14,23,44,64,55,77,12,43,9,17,<5,228,0,0,<5,0,0,<5,9,<5
50980,Broome (S),20,194,573,8,256,6,143,31,890,"1,324","1,163","1,498",101,"1,042",136,433,0,"2,258",5,0,6,0,<5,<5,148,5
51080,Broomehill-Tambellup (S),0,5,91,0,33,0,21,10,50,108,86,85,<5,53,5,21,0,204,0,0,<5,0,<5,0,5,<5
51120,Bruce Rock (S),<5,0,115,0,16,<5,7,14,37,48,38,45,5,31,<5,8,<5,180,0,0,0,0,0,0,6,<5
51190,Bunbury (C),7,61,"4,246",44,739,24,344,396,"1,254","2,303","1,987","2,530",483,"1,731",142,627,5,"7,190",25,<5,31,0,12,<5,284,98
51260,Busselton (C),<5,24,"4,818",29,622,14,220,797,892,"2,385","1,865","1,989",415,"1,223",130,408,5,"6,921",9,5,20,0,5,<5,186,91
51310,Cambridge (T),<5,<5,"1,624",22,223,10,34,806,199,378,307,572,201,235,17,37,0,"1,958",<5,0,<5,0,<5,0,20,108
51330,Canning (C),24,26,"8,087",141,"1,252",34,419,"1,028","1,522","4,576","3,548","5,148","1,484","2,295",261,563,10,"11,294",13,35,57,0,<5,12,318,714
51400,Capel (S),<5,20,"1,309",19,321,10,133,169,319,"1,156",950,937,195,517,42,229,<5,"2,232",<5,<5,10,0,<5,<5,86,39
51470,Carnamah (S),0,<5,72,0,9,0,<5,<5,16,40,29,31,0,30,<5,6,0,110,0,0,<5,0,0,0,0,0
51540,Carnarvon (S),8,63,491,<5,110,<5,68,39,238,478,405,565,30,422,39,149,<5,"1,074",<5,<5,<5,0,<5,<5,70,5
51610,Chapman Valley (S),<5,<5,96,0,29,<5,15,18,17,70,43,61,8,31,<5,11,0,147,0,0,0,0,0,<5,0,0
51680,Chittering (S),0,<5,540,<5,111,8,34,80,89,244,179,224,54,110,6,36,<5,746,0,<5,<5,0,<5,<5,13,11
51750,Claremont (T),0,5,652,14,66,0,14,373,170,148,122,205,75,90,<5,16,0,876,<5,0,5,0,0,0,8,55
51820,Cockburn (C),20,68,"8,637",127,"1,925",75,595,752,"2,211","5,529","4,543","5,556","1,206","3,206",262,995,12,"13,639",33,15,46,0,25,29,411,499
51890,Collie (S),5,13,"1,188",<5,279,10,125,75,423,584,506,672,92,502,30,197,6,"2,148",<5,0,<5,0,6,8,79,14
51960,Coolgardie (S),0,11,199,0,60,<5,32,9,100,254,233,258,26,201,21,82,<5,490,<5,0,<5,0,0,<5,22,<5
52030,Coorow (S),0,<5,151,0,32,0,18,29,44,47,35,71,6,53,<5,7,0,235,0,0,<5,0,0,0,<5,0
52100,Corrigin (S),0,<5,146,0,20,<5,6,17,34,56,45,51,<5,40,6,11,0,216,0,0,<5,0,<5,0,<5,<5
52170,Cottesloe (T),<5,0,383,12,43,<5,6,284,50,87,74,138,45,59,<5,10,0,464,0,0,<5,0,0,0,<5,32
52240,Cranbrook (S),0,<5,140,0,31,0,17,17,39,86,60,53,10,32,<5,7,0,219,0,0,<5,0,0,0,<5,<5
52310,Cuballing (S),0,0,113,0,22,0,9,18,31,39,24,40,9,20,<5,6,0,168,0,0,<5,0,<5,<5,0,0
52380,Cue (S),0,<5,34,0,6,0,5,0,16,16,15,27,<5,23,<5,6,0,67,0,0,<5,0,0,0,<5,0
52450,Cunderdin (S),0,<5,134,<5,28,0,7,16,43,78,69,60,8,43,<5,13,<5,215,0,0,<5,0,<5,0,<5,<5
52520,Dalwallinu (S),0,<5,88,0,24,0,9,26,31,80,65,56,5,35,<5,15,0,159,0,0,0,0,0,0,<5,<5
52590,Dandaragan (S),<5,6,449,0,45,<5,25,72,66,170,122,135,25,95,<5,36,<5,610,<5,0,<5,0,<5,<5,10,<5
52660,Dardanup (S),<5,10,"1,548",8,284,<5,102,126,254,908,745,719,169,410,38,200,<5,"2,311",<5,<5,11,0,<5,<5,48,34
52730,Denmark (S),0,<5,882,8,130,<5,49,190,232,460,341,354,80,219,22,62,0,"1,345",<5,<5,<5,0,<5,5,11,14
52800,Derby-West Kimberley (S),20,195,321,<5,128,0,88,8,607,991,894,"1,412",20,965,185,311,0,"1,489",<5,0,<5,0,<5,0,170,<5
52870,Donnybrook-Balingup (S),<5,<5,786,<5,113,<5,46,122,159,350,270,341,64,246,26,53,0,"1,154",<5,<5,9,0,<5,<5,19,7
52940,Dowerin (S),0,<5,94,0,14,0,7,14,18,49,35,40,9,21,<5,9,0,139,0,0,<5,0,0,<5,<5,<5
53010,Dumbleyung (S),0,<5,62,0,11,0,7,<5,12,41,30,40,<5,25,<5,<5,0,93,0,0,<5,0,0,0,<5,0
53080,Dundas (S),<5,10,103,0,19,0,13,<5,51,62,59,85,5,64,6,23,0,210,<5,0,0,0,0,0,<5,<5
53150,East Fremantle (T),0,<5,614,17,72,<5,14,173,80,159,131,259,90,138,6,23,0,776,5,0,<5,0,<5,0,12,51
53220,East Pilbara (S),<5,36,87,0,52,5,23,0,130,335,291,608,7,448,58,103,0,422,0,0,<5,0,<5,0,67,<5
53290,Esperance (S),<5,30,"1,434",5,227,6,89,222,385,919,743,730,103,445,53,179,<5,"2,283",<5,<5,<5,0,<5,<5,76,18
53360,Exmouth (S),0,0,144,<5,40,<5,13,21,51,117,87,91,7,74,<5,16,0,247,<5,0,0,0,<5,0,5,0
53430,Fremantle (C),10,14,"3,174",127,473,6,182,472,"1,117","1,103",936,"1,709",472,"1,282",47,225,<5,"5,171",<5,<5,21,<5,7,5,95,231
53570,Gingin (S),<5,0,778,<5,129,<5,64,129,153,312,236,253,38,184,17,53,0,"1,132",<5,0,<5,0,0,<5,11,7
53640,Gnowangerup (S),<5,<5,76,0,29,<5,19,13,48,99,74,88,5,63,<5,20,0,176,0,0,0,0,0,0,<5,0
53710,Goomalling (S),<5,<5,121,<5,21,0,14,21,45,66,52,66,<5,43,<5,12,<5,209,0,0,0,0,0,0,6,0
53780,Gosnells (C),28,102,"10,411",127,"2,358",81,996,608,"2,571","9,005","7,351","8,870","1,717","4,790",680,"1,500",15,"17,062",26,49,75,0,31,35,676,686
53800,Greater Geraldton (C),32,172,"3,900",33,872,15,386,385,"1,158","2,834","2,457","3,117",374,"2,138",195,835,<5,"6,964",11,<5,20,0,9,9,351,80
53920,Halls Creek (S),6,125,132,0,99,<5,75,0,356,603,550,860,14,560,115,172,0,822,<5,0,0,0,0,0,110,0
53990,Harvey (S),<5,25,"2,613",21,523,14,187,350,583,"1,624","1,338","1,396",290,858,79,345,<5,"4,100",7,0,9,0,7,6,121,58
54060,Irwin (S),<5,<5,611,<5,74,0,35,81,80,187,156,158,20,146,8,42,<5,829,0,0,<5,0,<5,<5,7,<5
54130,Jerramungup (S),0,0,89,0,12,0,<5,11,21,63,41,39,5,19,<5,6,0,127,<5,0,0,0,0,0,<5,<5
54170,Joondalup (C),13,25,"13,951",200,"2,235",79,515,"2,208","2,079","5,933","4,686","6,172","1,720","3,025",192,900,17,"18,558",37,7,48,0,12,17,355,694
54200,Kalamunda (S),16,36,"6,191",56,910,27,265,750,875,"2,992","2,433","2,632",560,"1,409",126,515,5,"8,350",15,<5,28,0,9,10,162,203
54280,Kalgoorlie/Boulder (C),11,64,"1,400",5,385,21,141,71,611,"1,685","1,489","1,578",101,"1,139",111,516,<5,"3,053",7,<5,9,0,<5,0,152,34
54310,Karratha (C),14,74,231,<5,174,<5,55,<5,239,842,757,847,33,530,72,315,0,974,<5,0,<5,0,0,0,50,9
54340,Katanning (S),<5,26,438,0,87,5,47,58,151,349,271,358,40,224,29,83,0,790,<5,0,<5,0,<5,<5,38,7
54410,Kellerberrin (S),<5,8,193,0,37,<5,22,17,73,96,80,104,9,64,6,22,0,327,<5,0,0,0,0,<5,10,0
54480,Kent (S),0,0,26,0,<5,0,<5,8,7,31,25,11,<5,7,0,<5,0,44,0,0,0,0,0,0,<5,0
54550,Kojonup (S),0,<5,220,0,22,<5,8,62,42,132,98,89,16,50,5,30,0,324,<5,0,0,0,0,<5,6,<5
54620,Kondinin (S),0,<5,57,0,9,<5,<5,18,18,51,39,44,<5,24,<5,8,0,96,0,0,0,0,0,0,0,0
54690,Koorda (S),0,0,53,0,10,0,7,11,22,24,17,23,<5,20,<5,<5,0,90,0,0,0,0,0,<5,<5,0
54760,Kulin (S),0,0,64,0,11,0,<5,15,15,45,31,36,<5,25,<5,7,0,93,0,0,0,0,0,<5,0,<5
54830,Kwinana (C),10,39,"2,704",61,774,37,330,80,"1,077","3,298","2,817","3,092",482,"1,876",191,722,7,"5,519",15,<5,22,0,15,13,288,157
54900,Lake Grace (S),0,<5,73,0,11,0,6,26,15,72,53,47,<5,27,<5,11,0,115,0,0,<5,0,0,0,<5,<5
54970,Laverton (S),0,17,40,0,15,<5,6,<5,45,64,60,132,<5,103,9,23,0,131,0,0,<5,0,0,0,11,<5
55040,Leonora (S),<5,8,42,0,13,0,10,0,36,83,79,119,5,99,<5,33,0,142,0,0,0,0,0,0,17,0
55110,Mandurah (C),18,50,"13,481",83,"2,142",50,818,"1,190","2,795","5,243","4,526","5,611","1,019","3,683",307,"1,363",24,"19,883",29,12,72,0,18,25,570,250
55180,Manjimup (S),<5,8,"1,198",<5,172,<5,82,203,380,648,477,578,110,360,49,101,<5,"1,919",7,0,11,0,<5,<5,46,16
55250,Meekatharra (S),<5,24,57,0,16,0,12,<5,35,112,104,189,6,146,12,42,0,167,0,0,0,0,0,0,23,0
55320,Melville (C),13,24,"9,713",152,"1,331",34,372,"2,549","1,348","2,954","2,403","3,569","1,217","1,587",103,409,6,"12,388",14,9,35,0,9,8,174,681
55390,Menzies (S),<5,9,22,0,7,0,5,0,19,31,30,66,0,76,6,7,0,79,0,0,<5,0,0,0,<5,0
55460,Merredin (S),0,6,332,0,61,<5,33,36,130,222,182,195,14,138,16,59,0,607,0,0,<5,0,0,<5,15,<5
55530,Mingenew (S),0,<5,49,0,<5,0,<5,<5,10,29,21,21,0,23,<5,<5,0,68,0,0,0,0,0,<5,0,0
55600,Moora (S),<5,10,233,<5,38,<5,25,30,69,180,146,164,16,97,7,41,0,401,0,0,<5,0,0,0,20,5
55670,Morawa (S),<5,9,73,0,17,0,11,7,21,62,51,47,<5,35,8,13,0,134,0,0,<5,0,0,0,<5,<5
55740,Mosman Park (T),<5,7,643,16,76,<5,25,209,237,167,138,248,90,140,6,28,0,980,<5,<5,<5,0,<5,<5,8,44
55810,Mount Magnet (S),<5,13,48,0,12,0,9,0,35,72,65,109,<5,84,10,24,0,136,0,0,<5,0,0,0,15,0
55880,Mount Marshall (S),0,0,26,<5,8,0,<5,5,16,33,25,18,<5,9,<5,5,0,55,0,0,0,0,0,0,0,<5
55950,Mukinbudin (S),0,<5,58,0,14,0,6,10,19,31,19,19,0,13,<5,<5,0,90,0,0,<5,0,0,0,<5,0
56090,Mundaring (S),<5,17,"4,113",35,623,24,184,527,639,"1,636","1,284","1,662",364,965,58,296,5,"5,554",5,<5,21,0,7,7,115,106
56160,Murchison (S),0,<5,<5,0,0,0,0,0,<5,13,9,25,0,18,0,6,0,10,0,0,0,0,0,<5,<5,0
56230,Murray (S),<5,9,"2,616",19,458,14,172,284,499,999,830,"1,092",197,740,48,252,9,"3,867",7,<5,17,0,7,7,107,46
56300,Nannup (S),0,0,238,0,30,0,13,30,61,87,70,100,17,79,10,15,0,358,<5,0,<5,0,0,0,<5,<5
56370,Narembeen (S),<5,<5,84,0,10,0,<5,24,12,45,35,37,<5,23,<5,8,0,112,0,0,0,0,0,0,0,<5
56450,Narrogin (S),0,<5,56,0,9,0,<5,20,19,38,25,22,<5,9,<5,5,0,84,<5,0,0,0,0,0,<5,<5
56520,Narrogin (T),5,38,524,0,111,5,59,67,186,357,296,355,36,221,40,89,<5,930,<5,<5,<5,0,<5,<5,26,6
56580,Nedlands (C),<5,<5,"1,228",37,186,<5,29,652,303,275,213,453,206,153,8,34,0,"1,629",0,0,6,0,0,0,18,156
56620,Ngaanyatjarraku (S),<5,21,49,0,22,0,20,0,119,220,196,456,<5,367,61,44,0,298,0,0,<5,0,0,0,54,0
56730,Northam (S),8,63,"1,443",7,308,8,139,102,480,813,685,947,102,696,65,209,<5,"2,535",<5,<5,8,0,<5,<5,108,17
56790,Northampton (S),<5,6,520,<5,89,0,42,57,98,188,151,213,29,148,16,37,<5,756,<5,0,<5,0,<5,<5,10,<5
56860,Nungarin (S),0,<5,26,0,7,0,<5,0,10,21,20,14,<5,7,<5,<5,0,47,<5,0,0,0,0,0,0,<5
56930,Peppermint Grove (S),0,<5,24,<5,12,0,0,28,14,8,6,26,11,10,0,<5,0,41,0,0,0,0,0,0,0,5
57000,Perenjori (S),0,5,23,0,7,0,5,7,15,25,15,11,<5,5,0,<5,0,49,0,0,0,0,0,0,0,<5
57080,Perth (C),15,7,860,45,86,<5,32,169,532,395,330,"1,083",270,828,27,59,0,"1,660",<5,<5,11,0,0,0,65,160
57140,Pingelly (S),<5,8,179,0,32,<5,15,26,62,87,69,99,10,70,6,23,<5,301,<5,0,<5,0,<5,<5,8,<5
57210,Plantagenet (S),0,<5,668,<5,152,<5,77,105,241,378,306,397,58,248,35,58,<5,"1,141",0,0,6,0,<5,<5,25,6
57280,Port Hedland (T),11,43,260,<5,135,5,67,5,280,702,635,886,31,668,58,271,0,"1,018",<5,<5,<5,0,0,0,75,5
57350,Quairading (S),0,5,177,<5,29,<5,20,24,51,67,62,86,11,68,9,24,0,296,0,0,<5,0,<5,0,12,<5
57420,Ravensthorpe (S),0,<5,213,<5,28,<5,12,44,54,90,73,75,7,50,6,16,0,322,0,0,0,0,0,<5,<5,<5
57490,Rockingham (C),25,56,"11,470",162,"2,560",101,904,775,"2,701","8,598","7,290","7,529","1,272","4,431",381,"1,963",13,"18,754",42,9,66,0,28,28,659,358
57630,Sandstone (S),0,0,19,0,0,0,<5,<5,6,0,0,<5,0,5,0,0,0,28,0,0,0,0,0,0,0,0
57700,Serpentine-Jarrahdale (S),5,<5,"1,612",16,398,30,127,157,299,"1,707","1,393","1,241",198,645,85,290,<5,"2,580",6,0,9,0,<5,<5,75,63
57770,Shark Bay (S),0,<5,101,0,17,0,8,<5,22,42,34,40,<5,41,<5,7,0,154,0,0,0,0,<5,0,<5,0
57840,South Perth (C),11,24,"3,187",84,418,12,141,837,631,"1,068",917,"1,674",590,870,58,203,<5,"4,461",<5,10,18,0,<5,<5,114,396
57910,Stirling (C),41,107,"20,826",342,"3,295",97,"1,192","3,303","5,035","9,683","8,020","11,335","2,785","6,381",746,"1,682",33,"30,905",57,44,107,0,29,30,714,"1,188"
57980,Subiaco (C),40,<5,"1,294",66,145,<5,27,489,351,319,278,700,360,288,5,46,0,"1,823",<5,<5,9,0,0,0,24,235
58050,Swan (C),35,133,"9,929",159,"2,519",118,966,777,"3,038","9,985","8,121","9,209","1,739","4,958",571,"1,865",13,"17,491",44,28,85,0,32,34,794,616
58190,Tammin (S),0,5,47,<5,6,0,<5,<5,20,37,31,43,<5,31,6,5,0,81,0,0,0,0,0,0,<5,0
58260,Three Springs (S),<5,6,72,0,7,0,<5,<5,12,51,43,36,<5,29,<5,11,0,106,0,0,0,0,0,0,<5,0
58330,Toodyay (S),<5,<5,697,<5,105,<5,39,66,145,251,201,292,45,203,12,58,<5,"1,001",0,0,<5,0,0,0,20,9
58400,Trayning (S),<5,0,47,0,13,<5,7,<5,20,19,16,30,<5,21,<5,<5,0,79,0,0,0,0,0,0,<5,0
58470,Upper Gascoyne (S),0,5,14,0,<5,<5,<5,0,11,32,31,67,0,54,<5,12,0,46,0,0,0,0,0,0,9,0
58510,Victoria Park (T),13,19,"3,021",78,368,13,139,277,910,"1,228","1,043","1,913",546,"1,139",71,211,<5,"4,626",12,11,17,0,<5,<5,145,322
58540,Victoria Plains (S),0,0,83,<5,16,0,5,11,23,47,34,35,6,12,<5,<5,0,121,<5,0,0,0,0,0,<5,<5
58570,Vincent (C),8,<5,"2,275",104,302,7,107,292,716,737,615,"1,460",518,877,31,111,<5,"3,454",8,5,10,0,9,0,92,260
58610,Wagin (S),0,<5,304,0,55,0,25,22,92,132,96,97,8,68,9,30,0,487,0,0,<5,0,<5,<5,6,<5
58680,Wandering (S),0,0,36,0,7,<5,<5,9,5,18,13,21,<5,13,0,<5,0,55,0,0,<5,0,0,0,<5,0
58760,Wanneroo (C),28,94,"13,463",207,"3,321",164,"1,218","1,178","3,718","13,661","11,081","11,777","2,397","6,162",836,"2,515",19,"23,272",51,25,95,0,37,40,935,952
58820,Waroona (S),<5,7,536,6,107,5,55,68,142,240,202,284,37,206,16,56,<5,870,<5,0,0,0,<5,<5,25,7
58890,West Arthur (S),0,0,75,0,16,0,7,15,21,50,34,40,6,20,<5,<5,0,119,0,0,0,0,0,0,<5,<5
59030,Westonia (S),0,0,21,0,6,0,<5,<5,6,7,6,16,<5,14,0,<5,0,36,0,0,0,0,0,0,<5,0
59100,Wickepin (S),0,0,73,0,16,0,8,14,18,55,44,40,<5,23,<5,5,0,120,0,0,0,0,0,<5,<5,0
59170,Williams (S),0,<5,82,0,12,0,5,19,20,46,36,26,<5,8,<5,9,0,119,0,0,0,0,0,0,<5,0
59250,Wiluna (S),5,7,23,0,6,<5,5,0,16,58,56,89,<5,71,6,16,0,71,0,0,<5,0,0,0,7,0
59310,Wongan-Ballidu (S),0,<5,121,0,26,<5,9,18,49,87,69,68,12,46,<5,13,0,214,0,0,0,0,<5,<5,<5,<5
59320,Woodanilling (S),0,0,27,0,6,0,<5,7,18,20,14,24,<5,15,<5,5,0,60,0,0,0,0,0,0,<5,0
59330,Wyalkatchem (S),<5,<5,101,0,17,0,12,9,28,34,27,38,<5,27,<5,7,0,156,0,0,0,0,<5,0,<5,<5
59340,Wyndham-East Kimberley (S),20,109,245,<5,82,<5,54,18,346,664,593,805,28,555,83,214,0,976,<5,0,<5,0,<5,0,67,<5
59350,Yalgoo (S),<5,0,12,0,<5,0,<5,<5,9,21,20,40,<5,19,0,11,0,39,0,0,<5,0,0,0,12,0
59360,Yilgarn (S),0,<5,112,0,11,0,<5,6,36,55,45,64,<5,54,<5,15,0,186,0,0,0,0,<5,<5,<5,<5
59370,York (S),<5,6,627,<5,93,<5,51,70,141,221,184,198,24,141,17,50,0,928,<5,0,<5,0,<5,<5,10,8
59399,Unincorporated WA,0,0,0,0,0,0,0,0,0,0,0,0,0,0,0,0,0,0,0,0,0,0,0,0,0,0
60210,Break O'Day (M),<5,8,"1,319",6,312,<5,195,81,487,477,371,582,145,507,44,75,9,"2,378",<5,<5,9,0,6,<5,43,16
60410,Brighton (M),7,20,"1,536",9,800,21,455,38,"1,279","2,079","1,679","1,542",254,882,147,572,<5,"4,328",10,0,12,0,11,16,231,62
60610,Burnie (C),21,22,"2,652",28,778,17,469,143,"1,313","1,719","1,371","1,683",414,"1,068",126,325,<5,"5,340",13,6,18,0,8,8,205,122
60810,Central Coast (M),9,20,"3,765",16,834,16,445,187,"1,218","1,601","1,222","1,482",391,928,106,280,15,"6,257",7,<5,20,0,10,19,109,93
61010,Central Highlands (M),0,0,360,0,106,<5,81,22,200,184,133,174,32,114,24,16,<5,713,0,0,0,0,<5,0,13,<5
61210,Circular Head (M),<5,16,937,7,208,6,110,69,337,681,483,470,87,283,37,103,<5,"1,654",5,0,6,0,<5,<5,37,15
61410,Clarence (C),13,33,"7,675",72,"1,590",42,706,825,"2,428","3,803","2,927","3,214",845,"1,645",197,725,15,"12,437",16,<5,26,0,15,19,340,267
61510,Derwent Valley (M),5,10,"1,469",9,428,5,238,35,852,991,777,831,148,541,83,209,13,"3,083",6,0,<5,0,6,8,85,39
61610,Devonport (C),9,36,"3,961",32,"1,111",17,655,206,"1,800","2,312","1,841","1,992",453,"1,335",156,510,5,"7,746",5,5,22,0,8,18,248,107
61810,Dorset (M),0,<5,"1,207",10,233,7,131,103,371,522,393,518,126,340,36,79,5,"1,981",<5,0,<5,0,5,7,57,17
62010,Flinders (M),0,<5,141,<5,14,0,7,28,40,52,29,55,10,48,<5,5,0,214,0,0,0,0,0,0,5,<5
62210,George Town (M),5,<5,"1,100",9,313,6,177,38,545,591,496,632,129,443,64,145,6,"2,215",8,<5,12,0,<5,6,87,18
62410,Glamorgan/Spring Bay (M),0,<5,"1,008",<5,166,<5,99,102,248,293,210,271,70,202,20,53,<5,"1,526",<5,<5,7,0,0,<5,<5,6
62610,Glenorchy (C),17,42,"6,537",82,"1,746",35,863,203,"3,350","4,529","3,607","4,099",842,"2,468",381,966,18,"13,007",27,8,39,0,15,22,524,295
62810,Hobart (C),21,8,"4,689",213,624,12,228,"1,063","1,649","1,865","1,473","3,128","1,441","1,541",92,243,<5,"7,380",6,<5,22,0,<5,<5,260,810
63010,Huon Valley (M),8,21,"2,456",28,581,12,288,183,"1,044","1,450","1,082","1,356",384,802,119,187,7,"4,450",6,0,16,0,7,12,96,61
63210,Kentish (M),<5,<5,949,9,275,<5,161,62,439,498,361,510,147,314,37,58,<5,"1,779",<5,0,7,0,<5,6,40,20
63410,King Island (M),0,0,201,0,14,0,<5,34,30,86,62,53,8,35,<5,10,0,267,0,0,<5,0,0,<5,<5,<5
63610,Kingborough (M),5,12,"4,648",47,760,18,283,564,"1,171","2,474","1,829","2,039",661,876,136,329,9,"6,939",<5,<5,22,0,13,5,109,235
63810,Latrobe (M),8,7,"1,885",12,397,7,218,109,454,754,553,626,161,402,45,128,<5,"2,940",<5,0,14,0,5,8,37,37
64010,Launceston (C),41,59,"8,590",155,"1,958",40,"1,081",566,"3,155","5,413","4,277","6,177","1,682","3,668",519,"1,107",15,"15,711",22,<5,56,0,23,21,762,794
64210,Meander Valley (M),<5,18,"3,047",24,615,10,310,188,843,"1,421","1,039","1,181",335,677,91,207,5,"4,817",6,0,23,0,7,10,101,74
64610,Northern Midlands (M),<5,9,"2,003",9,408,10,235,126,567,975,729,795,172,506,64,158,<5,"3,259",<5,0,15,0,5,5,60,44
64810,Sorell (M),5,12,"1,932",15,552,7,269,110,851,"1,290",976,993,211,595,68,231,6,"3,620",9,0,8,0,6,7,91,60
65010,Southern Midlands (M),<5,5,780,5,301,9,154,45,450,539,372,423,85,228,33,91,6,"1,606",<5,0,<5,0,5,8,33,18
65210,Tasman (M),0,<5,476,5,125,<5,69,34,238,180,134,179,50,133,10,26,0,896,<5,0,<5,0,<5,<5,7,6
65410,Waratah/Wynyard (M),6,20,"2,346",12,611,15,313,115,921,"1,080",870,917,241,603,78,217,11,"4,182",6,<5,14,0,7,10,83,53
65610,West Coast (M),0,<5,588,<5,176,<5,114,11,295,324,279,406,45,345,27,71,<5,"1,214",<5,0,<5,0,5,<5,27,8
65810,West Tamar (M),7,10,"3,489",52,654,16,329,261,844,"1,642","1,217","1,514",408,849,119,224,6,"5,367",5,0,21,0,<5,12,111,93
69399,Unincorporated Tas,0,0,0,0,0,0,0,0,0,0,0,0,0,0,0,0,0,0,0,0,0,0,0,0,0,0
70200,Alice Springs (T),52,138,"1,102",12,334,8,173,99,"1,151","1,866","1,618","1,901",114,"1,243",171,478,0,"3,151",10,<5,6,0,<5,<5,166,45
70420,Barkly (R),21,140,246,0,123,6,88,<5,453,938,828,"1,578",7,"1,086",280,224,0,"1,176",<5,0,6,0,<5,0,162,<5
70540,Belyuen (S),0,10,6,0,<5,0,0,0,20,28,25,74,<5,60,6,12,0,47,0,0,0,0,0,0,9,0
70620,Central Desert (R),8,105,153,0,72,<5,54,0,239,661,586,"1,113",6,784,174,143,0,724,0,0,6,0,<5,<5,114,0
70700,Coomalie (S),6,20,114,<5,23,<5,14,13,76,101,92,128,12,88,6,42,0,270,<5,0,<5,0,0,0,20,0
71000,Darwin (C),60,177,"3,980",77,"1,007",25,362,435,"1,999","3,746","3,124","3,544",379,"2,334",201,742,10,"7,653",17,11,27,0,10,<5,289,167
71300,East Arnhem (R),45,269,190,<5,175,<5,154,<5,697,"1,628","1,378","2,403",16,"1,749",383,324,0,"1,672",<5,0,6,0,<5,0,194,0
72200,Katherine (T),13,88,450,0,157,8,81,27,568,822,723,921,36,571,101,180,<5,"1,384",<5,<5,<5,0,<5,0,105,11
72300,Litchfield (M),12,30,984,12,310,11,100,118,431,911,741,811,68,497,44,171,0,"1,823",10,0,7,0,0,<5,38,25
72330,MacDonnell (R),36,184,190,0,94,0,80,0,422,841,743,"1,608",13,"1,149",234,161,0,"1,039",<5,0,5,0,0,0,189,0
72800,Palmerston (C),33,124,"1,077",22,527,33,193,62,750,"2,374","2,088","1,756",137,"1,009",121,623,<5,"2,963",<5,<5,10,0,<5,<5,169,43
73600,Roper Gulf (R),19,260,204,0,77,<5,48,<5,408,947,816,"1,631",8,"1,096",281,175,0,"1,002",<5,0,<5,0,0,0,176,<5
74050,Tiwi Islands (R),18,126,63,<5,48,0,38,<5,246,329,267,692,<5,500,98,50,0,480,0,0,<5,0,0,0,93,0
74550,Victoria Daly (R),6,110,116,0,44,<5,32,<5,110,364,317,569,6,352,96,71,0,395,<5,0,0,0,0,0,64,0
74560,Wagait (S),0,<5,65,0,14,0,<5,<5,20,23,17,24,<5,19,0,5,0,95,0,0,0,0,<5,0,<5,0
74660,West Arnhem (R),10,163,102,0,91,5,69,0,358,901,756,"1,656",5,"1,150",302,116,0,796,0,0,<5,0,0,0,173,0
74680,West Daly (R),9,114,65,0,33,<5,19,0,210,600,528,866,<5,537,209,86,0,462,0,0,<5,0,0,0,82,0
79399,Unincorporated NT,<5,11,200,<5,59,<5,35,<5,143,254,212,258,16,179,26,34,<5,464,<5,0,<5,0,0,<5,20,<5
89399,Unincorporated ACT,76,139,"25,183",468,"5,734",224,"1,433","5,248","8,438","15,858","12,918","14,177","4,088","6,198",708,"2,699",13,"40,471",75,59,105,0,28,23,898,"2,645"
99399,Unincorp. Other Territories,<5,8,101,0,30,<5,22,<5,36,70,61,n.p.,9,47,<5,14,0,176,0,0,0,0,0,0,12,<5
Unknown,Unknown,67,50,"91,953",212,"1,720",77,960,619,"8,665","6,757","5,639","7,373","1,924","3,427",579,"1,584",<5,"13,390",28,33,49,358,243,250,777,"1,502"
 Total ,,"7,663","20,754","2,570,072","36,147","611,209","17,880","264,266","285,959","772,313","1,494,622","1,174,018","1,417,984","356,800","759,292","96,993","258,463","3,230","4,151,075","7,088","5,615","16,563",376,"5,490","5,326","103,798","155,802"
